Copyright 1986-2022 Xilinx, Inc. All Rights Reserved.
------------------------------------------------------------------------------------------------------------------------------------------------------------------------------------------------------------------------
| Tool Version : Vivado v.2022.2 (win64) Build 3671981 Fri Oct 14 05:00:03 MDT 2022
| Date         : Fri Dec  5 17:05:43 2025
| Host         : FerrsPC running 64-bit major release  (build 9200)
| Command      : report_timing_summary -max_paths 10 -report_unconstrained -file SS_LR_TOP_timing_summary_routed.rpt -pb SS_LR_TOP_timing_summary_routed.pb -rpx SS_LR_TOP_timing_summary_routed.rpx -warn_on_violation
| Design       : SS_LR_TOP
| Device       : 7a100t-csg324
| Speed File   : -1  PRODUCTION 1.23 2018-06-13
------------------------------------------------------------------------------------------------------------------------------------------------------------------------------------------------------------------------

Timing Summary Report

------------------------------------------------------------------------------------------------
| Timer Settings
| --------------
------------------------------------------------------------------------------------------------

  Enable Multi Corner Analysis               :  Yes
  Enable Pessimism Removal                   :  Yes
  Pessimism Removal Resolution               :  Nearest Common Node
  Enable Input Delay Default Clock           :  No
  Enable Preset / Clear Arcs                 :  No
  Disable Flight Delays                      :  No
  Ignore I/O Paths                           :  No
  Timing Early Launch at Borrowing Latches   :  No
  Borrow Time for Max Delay Exceptions       :  Yes
  Merge Timing Exceptions                    :  Yes

  Corner  Analyze    Analyze    
  Name    Max Paths  Min Paths  
  ------  ---------  ---------  
  Slow    Yes        Yes        
  Fast    Yes        Yes        


------------------------------------------------------------------------------------------------
| Report Methodology
| ------------------
------------------------------------------------------------------------------------------------

Rule       Severity  Description                    Violations  
---------  --------  -----------------------------  ----------  
TIMING-18  Warning   Missing input or output delay  3           

Note: This report is based on the most recent report_methodology run and may not be up-to-date. Run report_methodology on the current design for the latest report.



check_timing report

Table of Contents
-----------------
1. checking no_clock (0)
2. checking constant_clock (0)
3. checking pulse_width_clock (0)
4. checking unconstrained_internal_endpoints (0)
5. checking no_input_delay (2)
6. checking no_output_delay (1)
7. checking multiple_clock (0)
8. checking generated_clocks (0)
9. checking loops (0)
10. checking partial_input_delay (0)
11. checking partial_output_delay (0)
12. checking latch_loops (0)

1. checking no_clock (0)
------------------------
 There are 0 register/latch pins with no clock.


2. checking constant_clock (0)
------------------------------
 There are 0 register/latch pins with constant_clock.


3. checking pulse_width_clock (0)
---------------------------------
 There are 0 register/latch pins which need pulse_width check


4. checking unconstrained_internal_endpoints (0)
------------------------------------------------
 There are 0 pins that are not constrained for maximum delay.

 There are 0 pins that are not constrained for maximum delay due to constant clock.


5. checking no_input_delay (2)
------------------------------
 There are 2 input ports with no input delay specified. (HIGH)

 There are 0 input ports with no input delay but user has a false path constraint.


6. checking no_output_delay (1)
-------------------------------
 There is 1 port with no output delay specified. (HIGH)

 There are 0 ports with no output delay but user has a false path constraint

 There are 0 ports with no output delay but with a timing clock defined on it or propagating through it


7. checking multiple_clock (0)
------------------------------
 There are 0 register/latch pins with multiple clocks.


8. checking generated_clocks (0)
--------------------------------
 There are 0 generated clocks that are not connected to a clock source.


9. checking loops (0)
---------------------
 There are 0 combinational loops in the design.


10. checking partial_input_delay (0)
------------------------------------
 There are 0 input ports with partial input delay specified.


11. checking partial_output_delay (0)
-------------------------------------
 There are 0 ports with partial output delay specified.


12. checking latch_loops (0)
----------------------------
 There are 0 combinational latch loops in the design through latch input



------------------------------------------------------------------------------------------------
| Design Timing Summary
| ---------------------
------------------------------------------------------------------------------------------------

    WNS(ns)      TNS(ns)  TNS Failing Endpoints  TNS Total Endpoints      WHS(ns)      THS(ns)  THS Failing Endpoints  THS Total Endpoints     WPWS(ns)     TPWS(ns)  TPWS Failing Endpoints  TPWS Total Endpoints  
    -------      -------  ---------------------  -------------------      -------      -------  ---------------------  -------------------     --------     --------  ----------------------  --------------------  
      4.129        0.000                      0                  923        0.062        0.000                      0                  923        4.500        0.000                       0                   340  


All user specified timing constraints are met.


------------------------------------------------------------------------------------------------
| Clock Summary
| -------------
------------------------------------------------------------------------------------------------

Clock        Waveform(ns)       Period(ns)      Frequency(MHz)
-----        ------------       ----------      --------------
sys_clk_pin  {0.000 5.000}      10.000          100.000         


------------------------------------------------------------------------------------------------
| Intra Clock Table
| -----------------
------------------------------------------------------------------------------------------------

Clock             WNS(ns)      TNS(ns)  TNS Failing Endpoints  TNS Total Endpoints      WHS(ns)      THS(ns)  THS Failing Endpoints  THS Total Endpoints     WPWS(ns)     TPWS(ns)  TPWS Failing Endpoints  TPWS Total Endpoints  
-----             -------      -------  ---------------------  -------------------      -------      -------  ---------------------  -------------------     --------     --------  ----------------------  --------------------  
sys_clk_pin         4.129        0.000                      0                  923        0.062        0.000                      0                  923        4.500        0.000                       0                   340  


------------------------------------------------------------------------------------------------
| Inter Clock Table
| -----------------
------------------------------------------------------------------------------------------------

From Clock    To Clock          WNS(ns)      TNS(ns)  TNS Failing Endpoints  TNS Total Endpoints      WHS(ns)      THS(ns)  THS Failing Endpoints  THS Total Endpoints  
----------    --------          -------      -------  ---------------------  -------------------      -------      -------  ---------------------  -------------------  


------------------------------------------------------------------------------------------------
| Other Path Groups Table
| -----------------------
------------------------------------------------------------------------------------------------

Path Group    From Clock    To Clock          WNS(ns)      TNS(ns)  TNS Failing Endpoints  TNS Total Endpoints      WHS(ns)      THS(ns)  THS Failing Endpoints  THS Total Endpoints  
----------    ----------    --------          -------      -------  ---------------------  -------------------      -------      -------  ---------------------  -------------------  


------------------------------------------------------------------------------------------------
| User Ignored Path Table
| -----------------------
------------------------------------------------------------------------------------------------

Path Group    From Clock    To Clock    
----------    ----------    --------    


------------------------------------------------------------------------------------------------
| Unconstrained Path Table
| ------------------------
------------------------------------------------------------------------------------------------

Path Group    From Clock    To Clock    
----------    ----------    --------    
(none)        sys_clk_pin                 
(none)                      sys_clk_pin   


------------------------------------------------------------------------------------------------
| Timing Details
| --------------
------------------------------------------------------------------------------------------------


---------------------------------------------------------------------------------------------------
From Clock:  sys_clk_pin
  To Clock:  sys_clk_pin

Setup :            0  Failing Endpoints,  Worst Slack        4.129ns,  Total Violation        0.000ns
Hold  :            0  Failing Endpoints,  Worst Slack        0.062ns,  Total Violation        0.000ns
PW    :            0  Failing Endpoints,  Worst Slack        4.500ns,  Total Violation        0.000ns
---------------------------------------------------------------------------------------------------


Max Delay Paths
--------------------------------------------------------------------------------------
Slack (MET) :             4.129ns  (required time - arrival time)
  Source:                 uart/RX_DATA_T_reg[5]/C
                            (rising edge-triggered cell FDRE clocked by sys_clk_pin  {rise@0.000ns fall@5.000ns period=10.000ns})
  Destination:            fsm/A_reg[46]/CE
                            (rising edge-triggered cell FDRE clocked by sys_clk_pin  {rise@0.000ns fall@5.000ns period=10.000ns})
  Path Group:             sys_clk_pin
  Path Type:              Setup (Max at Slow Process Corner)
  Requirement:            10.000ns  (sys_clk_pin rise@10.000ns - sys_clk_pin rise@0.000ns)
  Data Path Delay:        5.495ns  (logic 1.087ns (19.783%)  route 4.408ns (80.217%))
  Logic Levels:           4  (LUT3=1 LUT5=1 LUT6=2)
  Clock Path Skew:        -0.136ns (DCD - SCD + CPR)
    Destination Clock Delay (DCD):    5.018ns = ( 15.018 - 10.000 ) 
    Source Clock Delay      (SCD):    5.334ns
    Clock Pessimism Removal (CPR):    0.180ns
  Clock Uncertainty:      0.035ns  ((TSJ^2 + TIJ^2)^1/2 + DJ) / 2 + PE
    Total System Jitter     (TSJ):    0.071ns
    Total Input Jitter      (TIJ):    0.000ns
    Discrete Jitter          (DJ):    0.000ns
    Phase Error              (PE):    0.000ns

    Location             Delay type                Incr(ns)  Path(ns)    Netlist Resource(s)
  -------------------------------------------------------------------    -------------------
                         (clock sys_clk_pin rise edge)
                                                      0.000     0.000 r  
    E3                                                0.000     0.000 r  CLK100MHZ (IN)
                         net (fo=0)                   0.000     0.000    CLK100MHZ
    E3                   IBUF (Prop_ibuf_I_O)         1.482     1.482 r  CLK100MHZ_IBUF_inst/O
                         net (fo=1, routed)           2.025     3.506    CLK100MHZ_IBUF
    BUFGCTRL_X0Y16       BUFG (Prop_bufg_I_O)         0.096     3.602 r  CLK100MHZ_IBUF_BUFG_inst/O
                         net (fo=339, routed)         1.731     5.334    uart/CLK100MHZ_IBUF_BUFG
    SLICE_X86Y92         FDRE                                         r  uart/RX_DATA_T_reg[5]/C
  -------------------------------------------------------------------    -------------------
    SLICE_X86Y92         FDRE (Prop_fdre_C_Q)         0.419     5.753 r  uart/RX_DATA_T_reg[5]/Q
                         net (fo=23, routed)          1.156     6.908    uart/Q[1]
    SLICE_X85Y92         LUT6 (Prop_lut6_I1_O)        0.296     7.204 r  uart/cnt_hex[0]_i_5/O
                         net (fo=1, routed)           0.455     7.659    uart/cnt_hex[0]_i_5_n_0
    SLICE_X85Y92         LUT3 (Prop_lut3_I1_O)        0.124     7.783 r  uart/cnt_hex[0]_i_3/O
                         net (fo=3, routed)           0.813     8.596    uart/RX_DATA_T_reg[7]_0
    SLICE_X81Y94         LUT5 (Prop_lut5_I4_O)        0.124     8.720 r  uart/cnt_hex[4]_i_6/O
                         net (fo=3, routed)           0.613     9.333    fsm/B_reg[0]_0
    SLICE_X81Y92         LUT6 (Prop_lut6_I2_O)        0.124     9.457 r  fsm/A[51]_i_1/O
                         net (fo=52, routed)          1.371    10.828    fsm/A[51]_i_1_n_0
    SLICE_X86Y105        FDRE                                         r  fsm/A_reg[46]/CE
  -------------------------------------------------------------------    -------------------

                         (clock sys_clk_pin rise edge)
                                                     10.000    10.000 r  
    E3                                                0.000    10.000 r  CLK100MHZ (IN)
                         net (fo=0)                   0.000    10.000    CLK100MHZ
    E3                   IBUF (Prop_ibuf_I_O)         1.411    11.411 r  CLK100MHZ_IBUF_inst/O
                         net (fo=1, routed)           1.920    13.331    CLK100MHZ_IBUF
    BUFGCTRL_X0Y16       BUFG (Prop_bufg_I_O)         0.091    13.422 r  CLK100MHZ_IBUF_BUFG_inst/O
                         net (fo=339, routed)         1.596    15.018    fsm/CLK100MHZ_IBUF_BUFG
    SLICE_X86Y105        FDRE                                         r  fsm/A_reg[46]/C
                         clock pessimism              0.180    15.198    
                         clock uncertainty           -0.035    15.163    
    SLICE_X86Y105        FDRE (Setup_fdre_C_CE)      -0.205    14.958    fsm/A_reg[46]
  -------------------------------------------------------------------
                         required time                         14.958    
                         arrival time                         -10.828    
  -------------------------------------------------------------------
                         slack                                  4.129    

Slack (MET) :             4.149ns  (required time - arrival time)
  Source:                 uart/RX_DATA_T_reg[5]/C
                            (rising edge-triggered cell FDRE clocked by sys_clk_pin  {rise@0.000ns fall@5.000ns period=10.000ns})
  Destination:            fsm/A_reg[43]/CE
                            (rising edge-triggered cell FDRE clocked by sys_clk_pin  {rise@0.000ns fall@5.000ns period=10.000ns})
  Path Group:             sys_clk_pin
  Path Type:              Setup (Max at Slow Process Corner)
  Requirement:            10.000ns  (sys_clk_pin rise@10.000ns - sys_clk_pin rise@0.000ns)
  Data Path Delay:        5.475ns  (logic 1.087ns (19.854%)  route 4.388ns (80.146%))
  Logic Levels:           4  (LUT3=1 LUT5=1 LUT6=2)
  Clock Path Skew:        -0.136ns (DCD - SCD + CPR)
    Destination Clock Delay (DCD):    5.018ns = ( 15.018 - 10.000 ) 
    Source Clock Delay      (SCD):    5.334ns
    Clock Pessimism Removal (CPR):    0.180ns
  Clock Uncertainty:      0.035ns  ((TSJ^2 + TIJ^2)^1/2 + DJ) / 2 + PE
    Total System Jitter     (TSJ):    0.071ns
    Total Input Jitter      (TIJ):    0.000ns
    Discrete Jitter          (DJ):    0.000ns
    Phase Error              (PE):    0.000ns

    Location             Delay type                Incr(ns)  Path(ns)    Netlist Resource(s)
  -------------------------------------------------------------------    -------------------
                         (clock sys_clk_pin rise edge)
                                                      0.000     0.000 r  
    E3                                                0.000     0.000 r  CLK100MHZ (IN)
                         net (fo=0)                   0.000     0.000    CLK100MHZ
    E3                   IBUF (Prop_ibuf_I_O)         1.482     1.482 r  CLK100MHZ_IBUF_inst/O
                         net (fo=1, routed)           2.025     3.506    CLK100MHZ_IBUF
    BUFGCTRL_X0Y16       BUFG (Prop_bufg_I_O)         0.096     3.602 r  CLK100MHZ_IBUF_BUFG_inst/O
                         net (fo=339, routed)         1.731     5.334    uart/CLK100MHZ_IBUF_BUFG
    SLICE_X86Y92         FDRE                                         r  uart/RX_DATA_T_reg[5]/C
  -------------------------------------------------------------------    -------------------
    SLICE_X86Y92         FDRE (Prop_fdre_C_Q)         0.419     5.753 r  uart/RX_DATA_T_reg[5]/Q
                         net (fo=23, routed)          1.156     6.908    uart/Q[1]
    SLICE_X85Y92         LUT6 (Prop_lut6_I1_O)        0.296     7.204 r  uart/cnt_hex[0]_i_5/O
                         net (fo=1, routed)           0.455     7.659    uart/cnt_hex[0]_i_5_n_0
    SLICE_X85Y92         LUT3 (Prop_lut3_I1_O)        0.124     7.783 r  uart/cnt_hex[0]_i_3/O
                         net (fo=3, routed)           0.813     8.596    uart/RX_DATA_T_reg[7]_0
    SLICE_X81Y94         LUT5 (Prop_lut5_I4_O)        0.124     8.720 r  uart/cnt_hex[4]_i_6/O
                         net (fo=3, routed)           0.613     9.333    fsm/B_reg[0]_0
    SLICE_X81Y92         LUT6 (Prop_lut6_I2_O)        0.124     9.457 r  fsm/A[51]_i_1/O
                         net (fo=52, routed)          1.351    10.809    fsm/A[51]_i_1_n_0
    SLICE_X86Y104        FDRE                                         r  fsm/A_reg[43]/CE
  -------------------------------------------------------------------    -------------------

                         (clock sys_clk_pin rise edge)
                                                     10.000    10.000 r  
    E3                                                0.000    10.000 r  CLK100MHZ (IN)
                         net (fo=0)                   0.000    10.000    CLK100MHZ
    E3                   IBUF (Prop_ibuf_I_O)         1.411    11.411 r  CLK100MHZ_IBUF_inst/O
                         net (fo=1, routed)           1.920    13.331    CLK100MHZ_IBUF
    BUFGCTRL_X0Y16       BUFG (Prop_bufg_I_O)         0.091    13.422 r  CLK100MHZ_IBUF_BUFG_inst/O
                         net (fo=339, routed)         1.596    15.018    fsm/CLK100MHZ_IBUF_BUFG
    SLICE_X86Y104        FDRE                                         r  fsm/A_reg[43]/C
                         clock pessimism              0.180    15.198    
                         clock uncertainty           -0.035    15.163    
    SLICE_X86Y104        FDRE (Setup_fdre_C_CE)      -0.205    14.958    fsm/A_reg[43]
  -------------------------------------------------------------------
                         required time                         14.958    
                         arrival time                         -10.809    
  -------------------------------------------------------------------
                         slack                                  4.149    

Slack (MET) :             4.149ns  (required time - arrival time)
  Source:                 uart/RX_DATA_T_reg[5]/C
                            (rising edge-triggered cell FDRE clocked by sys_clk_pin  {rise@0.000ns fall@5.000ns period=10.000ns})
  Destination:            fsm/A_reg[44]/CE
                            (rising edge-triggered cell FDRE clocked by sys_clk_pin  {rise@0.000ns fall@5.000ns period=10.000ns})
  Path Group:             sys_clk_pin
  Path Type:              Setup (Max at Slow Process Corner)
  Requirement:            10.000ns  (sys_clk_pin rise@10.000ns - sys_clk_pin rise@0.000ns)
  Data Path Delay:        5.475ns  (logic 1.087ns (19.854%)  route 4.388ns (80.146%))
  Logic Levels:           4  (LUT3=1 LUT5=1 LUT6=2)
  Clock Path Skew:        -0.136ns (DCD - SCD + CPR)
    Destination Clock Delay (DCD):    5.018ns = ( 15.018 - 10.000 ) 
    Source Clock Delay      (SCD):    5.334ns
    Clock Pessimism Removal (CPR):    0.180ns
  Clock Uncertainty:      0.035ns  ((TSJ^2 + TIJ^2)^1/2 + DJ) / 2 + PE
    Total System Jitter     (TSJ):    0.071ns
    Total Input Jitter      (TIJ):    0.000ns
    Discrete Jitter          (DJ):    0.000ns
    Phase Error              (PE):    0.000ns

    Location             Delay type                Incr(ns)  Path(ns)    Netlist Resource(s)
  -------------------------------------------------------------------    -------------------
                         (clock sys_clk_pin rise edge)
                                                      0.000     0.000 r  
    E3                                                0.000     0.000 r  CLK100MHZ (IN)
                         net (fo=0)                   0.000     0.000    CLK100MHZ
    E3                   IBUF (Prop_ibuf_I_O)         1.482     1.482 r  CLK100MHZ_IBUF_inst/O
                         net (fo=1, routed)           2.025     3.506    CLK100MHZ_IBUF
    BUFGCTRL_X0Y16       BUFG (Prop_bufg_I_O)         0.096     3.602 r  CLK100MHZ_IBUF_BUFG_inst/O
                         net (fo=339, routed)         1.731     5.334    uart/CLK100MHZ_IBUF_BUFG
    SLICE_X86Y92         FDRE                                         r  uart/RX_DATA_T_reg[5]/C
  -------------------------------------------------------------------    -------------------
    SLICE_X86Y92         FDRE (Prop_fdre_C_Q)         0.419     5.753 r  uart/RX_DATA_T_reg[5]/Q
                         net (fo=23, routed)          1.156     6.908    uart/Q[1]
    SLICE_X85Y92         LUT6 (Prop_lut6_I1_O)        0.296     7.204 r  uart/cnt_hex[0]_i_5/O
                         net (fo=1, routed)           0.455     7.659    uart/cnt_hex[0]_i_5_n_0
    SLICE_X85Y92         LUT3 (Prop_lut3_I1_O)        0.124     7.783 r  uart/cnt_hex[0]_i_3/O
                         net (fo=3, routed)           0.813     8.596    uart/RX_DATA_T_reg[7]_0
    SLICE_X81Y94         LUT5 (Prop_lut5_I4_O)        0.124     8.720 r  uart/cnt_hex[4]_i_6/O
                         net (fo=3, routed)           0.613     9.333    fsm/B_reg[0]_0
    SLICE_X81Y92         LUT6 (Prop_lut6_I2_O)        0.124     9.457 r  fsm/A[51]_i_1/O
                         net (fo=52, routed)          1.351    10.809    fsm/A[51]_i_1_n_0
    SLICE_X86Y104        FDRE                                         r  fsm/A_reg[44]/CE
  -------------------------------------------------------------------    -------------------

                         (clock sys_clk_pin rise edge)
                                                     10.000    10.000 r  
    E3                                                0.000    10.000 r  CLK100MHZ (IN)
                         net (fo=0)                   0.000    10.000    CLK100MHZ
    E3                   IBUF (Prop_ibuf_I_O)         1.411    11.411 r  CLK100MHZ_IBUF_inst/O
                         net (fo=1, routed)           1.920    13.331    CLK100MHZ_IBUF
    BUFGCTRL_X0Y16       BUFG (Prop_bufg_I_O)         0.091    13.422 r  CLK100MHZ_IBUF_BUFG_inst/O
                         net (fo=339, routed)         1.596    15.018    fsm/CLK100MHZ_IBUF_BUFG
    SLICE_X86Y104        FDRE                                         r  fsm/A_reg[44]/C
                         clock pessimism              0.180    15.198    
                         clock uncertainty           -0.035    15.163    
    SLICE_X86Y104        FDRE (Setup_fdre_C_CE)      -0.205    14.958    fsm/A_reg[44]
  -------------------------------------------------------------------
                         required time                         14.958    
                         arrival time                         -10.809    
  -------------------------------------------------------------------
                         slack                                  4.149    

Slack (MET) :             4.149ns  (required time - arrival time)
  Source:                 uart/RX_DATA_T_reg[5]/C
                            (rising edge-triggered cell FDRE clocked by sys_clk_pin  {rise@0.000ns fall@5.000ns period=10.000ns})
  Destination:            fsm/A_reg[45]/CE
                            (rising edge-triggered cell FDRE clocked by sys_clk_pin  {rise@0.000ns fall@5.000ns period=10.000ns})
  Path Group:             sys_clk_pin
  Path Type:              Setup (Max at Slow Process Corner)
  Requirement:            10.000ns  (sys_clk_pin rise@10.000ns - sys_clk_pin rise@0.000ns)
  Data Path Delay:        5.475ns  (logic 1.087ns (19.854%)  route 4.388ns (80.146%))
  Logic Levels:           4  (LUT3=1 LUT5=1 LUT6=2)
  Clock Path Skew:        -0.136ns (DCD - SCD + CPR)
    Destination Clock Delay (DCD):    5.018ns = ( 15.018 - 10.000 ) 
    Source Clock Delay      (SCD):    5.334ns
    Clock Pessimism Removal (CPR):    0.180ns
  Clock Uncertainty:      0.035ns  ((TSJ^2 + TIJ^2)^1/2 + DJ) / 2 + PE
    Total System Jitter     (TSJ):    0.071ns
    Total Input Jitter      (TIJ):    0.000ns
    Discrete Jitter          (DJ):    0.000ns
    Phase Error              (PE):    0.000ns

    Location             Delay type                Incr(ns)  Path(ns)    Netlist Resource(s)
  -------------------------------------------------------------------    -------------------
                         (clock sys_clk_pin rise edge)
                                                      0.000     0.000 r  
    E3                                                0.000     0.000 r  CLK100MHZ (IN)
                         net (fo=0)                   0.000     0.000    CLK100MHZ
    E3                   IBUF (Prop_ibuf_I_O)         1.482     1.482 r  CLK100MHZ_IBUF_inst/O
                         net (fo=1, routed)           2.025     3.506    CLK100MHZ_IBUF
    BUFGCTRL_X0Y16       BUFG (Prop_bufg_I_O)         0.096     3.602 r  CLK100MHZ_IBUF_BUFG_inst/O
                         net (fo=339, routed)         1.731     5.334    uart/CLK100MHZ_IBUF_BUFG
    SLICE_X86Y92         FDRE                                         r  uart/RX_DATA_T_reg[5]/C
  -------------------------------------------------------------------    -------------------
    SLICE_X86Y92         FDRE (Prop_fdre_C_Q)         0.419     5.753 r  uart/RX_DATA_T_reg[5]/Q
                         net (fo=23, routed)          1.156     6.908    uart/Q[1]
    SLICE_X85Y92         LUT6 (Prop_lut6_I1_O)        0.296     7.204 r  uart/cnt_hex[0]_i_5/O
                         net (fo=1, routed)           0.455     7.659    uart/cnt_hex[0]_i_5_n_0
    SLICE_X85Y92         LUT3 (Prop_lut3_I1_O)        0.124     7.783 r  uart/cnt_hex[0]_i_3/O
                         net (fo=3, routed)           0.813     8.596    uart/RX_DATA_T_reg[7]_0
    SLICE_X81Y94         LUT5 (Prop_lut5_I4_O)        0.124     8.720 r  uart/cnt_hex[4]_i_6/O
                         net (fo=3, routed)           0.613     9.333    fsm/B_reg[0]_0
    SLICE_X81Y92         LUT6 (Prop_lut6_I2_O)        0.124     9.457 r  fsm/A[51]_i_1/O
                         net (fo=52, routed)          1.351    10.809    fsm/A[51]_i_1_n_0
    SLICE_X86Y104        FDRE                                         r  fsm/A_reg[45]/CE
  -------------------------------------------------------------------    -------------------

                         (clock sys_clk_pin rise edge)
                                                     10.000    10.000 r  
    E3                                                0.000    10.000 r  CLK100MHZ (IN)
                         net (fo=0)                   0.000    10.000    CLK100MHZ
    E3                   IBUF (Prop_ibuf_I_O)         1.411    11.411 r  CLK100MHZ_IBUF_inst/O
                         net (fo=1, routed)           1.920    13.331    CLK100MHZ_IBUF
    BUFGCTRL_X0Y16       BUFG (Prop_bufg_I_O)         0.091    13.422 r  CLK100MHZ_IBUF_BUFG_inst/O
                         net (fo=339, routed)         1.596    15.018    fsm/CLK100MHZ_IBUF_BUFG
    SLICE_X86Y104        FDRE                                         r  fsm/A_reg[45]/C
                         clock pessimism              0.180    15.198    
                         clock uncertainty           -0.035    15.163    
    SLICE_X86Y104        FDRE (Setup_fdre_C_CE)      -0.205    14.958    fsm/A_reg[45]
  -------------------------------------------------------------------
                         required time                         14.958    
                         arrival time                         -10.809    
  -------------------------------------------------------------------
                         slack                                  4.149    

Slack (MET) :             4.149ns  (required time - arrival time)
  Source:                 uart/RX_DATA_T_reg[5]/C
                            (rising edge-triggered cell FDRE clocked by sys_clk_pin  {rise@0.000ns fall@5.000ns period=10.000ns})
  Destination:            fsm/A_reg[47]/CE
                            (rising edge-triggered cell FDRE clocked by sys_clk_pin  {rise@0.000ns fall@5.000ns period=10.000ns})
  Path Group:             sys_clk_pin
  Path Type:              Setup (Max at Slow Process Corner)
  Requirement:            10.000ns  (sys_clk_pin rise@10.000ns - sys_clk_pin rise@0.000ns)
  Data Path Delay:        5.475ns  (logic 1.087ns (19.854%)  route 4.388ns (80.146%))
  Logic Levels:           4  (LUT3=1 LUT5=1 LUT6=2)
  Clock Path Skew:        -0.136ns (DCD - SCD + CPR)
    Destination Clock Delay (DCD):    5.018ns = ( 15.018 - 10.000 ) 
    Source Clock Delay      (SCD):    5.334ns
    Clock Pessimism Removal (CPR):    0.180ns
  Clock Uncertainty:      0.035ns  ((TSJ^2 + TIJ^2)^1/2 + DJ) / 2 + PE
    Total System Jitter     (TSJ):    0.071ns
    Total Input Jitter      (TIJ):    0.000ns
    Discrete Jitter          (DJ):    0.000ns
    Phase Error              (PE):    0.000ns

    Location             Delay type                Incr(ns)  Path(ns)    Netlist Resource(s)
  -------------------------------------------------------------------    -------------------
                         (clock sys_clk_pin rise edge)
                                                      0.000     0.000 r  
    E3                                                0.000     0.000 r  CLK100MHZ (IN)
                         net (fo=0)                   0.000     0.000    CLK100MHZ
    E3                   IBUF (Prop_ibuf_I_O)         1.482     1.482 r  CLK100MHZ_IBUF_inst/O
                         net (fo=1, routed)           2.025     3.506    CLK100MHZ_IBUF
    BUFGCTRL_X0Y16       BUFG (Prop_bufg_I_O)         0.096     3.602 r  CLK100MHZ_IBUF_BUFG_inst/O
                         net (fo=339, routed)         1.731     5.334    uart/CLK100MHZ_IBUF_BUFG
    SLICE_X86Y92         FDRE                                         r  uart/RX_DATA_T_reg[5]/C
  -------------------------------------------------------------------    -------------------
    SLICE_X86Y92         FDRE (Prop_fdre_C_Q)         0.419     5.753 r  uart/RX_DATA_T_reg[5]/Q
                         net (fo=23, routed)          1.156     6.908    uart/Q[1]
    SLICE_X85Y92         LUT6 (Prop_lut6_I1_O)        0.296     7.204 r  uart/cnt_hex[0]_i_5/O
                         net (fo=1, routed)           0.455     7.659    uart/cnt_hex[0]_i_5_n_0
    SLICE_X85Y92         LUT3 (Prop_lut3_I1_O)        0.124     7.783 r  uart/cnt_hex[0]_i_3/O
                         net (fo=3, routed)           0.813     8.596    uart/RX_DATA_T_reg[7]_0
    SLICE_X81Y94         LUT5 (Prop_lut5_I4_O)        0.124     8.720 r  uart/cnt_hex[4]_i_6/O
                         net (fo=3, routed)           0.613     9.333    fsm/B_reg[0]_0
    SLICE_X81Y92         LUT6 (Prop_lut6_I2_O)        0.124     9.457 r  fsm/A[51]_i_1/O
                         net (fo=52, routed)          1.351    10.809    fsm/A[51]_i_1_n_0
    SLICE_X86Y104        FDRE                                         r  fsm/A_reg[47]/CE
  -------------------------------------------------------------------    -------------------

                         (clock sys_clk_pin rise edge)
                                                     10.000    10.000 r  
    E3                                                0.000    10.000 r  CLK100MHZ (IN)
                         net (fo=0)                   0.000    10.000    CLK100MHZ
    E3                   IBUF (Prop_ibuf_I_O)         1.411    11.411 r  CLK100MHZ_IBUF_inst/O
                         net (fo=1, routed)           1.920    13.331    CLK100MHZ_IBUF
    BUFGCTRL_X0Y16       BUFG (Prop_bufg_I_O)         0.091    13.422 r  CLK100MHZ_IBUF_BUFG_inst/O
                         net (fo=339, routed)         1.596    15.018    fsm/CLK100MHZ_IBUF_BUFG
    SLICE_X86Y104        FDRE                                         r  fsm/A_reg[47]/C
                         clock pessimism              0.180    15.198    
                         clock uncertainty           -0.035    15.163    
    SLICE_X86Y104        FDRE (Setup_fdre_C_CE)      -0.205    14.958    fsm/A_reg[47]
  -------------------------------------------------------------------
                         required time                         14.958    
                         arrival time                         -10.809    
  -------------------------------------------------------------------
                         slack                                  4.149    

Slack (MET) :             4.173ns  (required time - arrival time)
  Source:                 btn_filter/btn_o_reg/C
                            (rising edge-triggered cell FDRE clocked by sys_clk_pin  {rise@0.000ns fall@5.000ns period=10.000ns})
  Destination:            fsm/result_reg[25]/R
                            (rising edge-triggered cell FDRE clocked by sys_clk_pin  {rise@0.000ns fall@5.000ns period=10.000ns})
  Path Group:             sys_clk_pin
  Path Type:              Setup (Max at Slow Process Corner)
  Requirement:            10.000ns  (sys_clk_pin rise@10.000ns - sys_clk_pin rise@0.000ns)
  Data Path Delay:        5.061ns  (logic 0.419ns (8.280%)  route 4.642ns (91.720%))
  Logic Levels:           0  
  Clock Path Skew:        -0.032ns (DCD - SCD + CPR)
    Destination Clock Delay (DCD):    5.017ns = ( 15.017 - 10.000 ) 
    Source Clock Delay      (SCD):    5.308ns
    Clock Pessimism Removal (CPR):    0.259ns
  Clock Uncertainty:      0.035ns  ((TSJ^2 + TIJ^2)^1/2 + DJ) / 2 + PE
    Total System Jitter     (TSJ):    0.071ns
    Total Input Jitter      (TIJ):    0.000ns
    Discrete Jitter          (DJ):    0.000ns
    Phase Error              (PE):    0.000ns

    Location             Delay type                Incr(ns)  Path(ns)    Netlist Resource(s)
  -------------------------------------------------------------------    -------------------
                         (clock sys_clk_pin rise edge)
                                                      0.000     0.000 r  
    E3                                                0.000     0.000 r  CLK100MHZ (IN)
                         net (fo=0)                   0.000     0.000    CLK100MHZ
    E3                   IBUF (Prop_ibuf_I_O)         1.482     1.482 r  CLK100MHZ_IBUF_inst/O
                         net (fo=1, routed)           2.025     3.506    CLK100MHZ_IBUF
    BUFGCTRL_X0Y16       BUFG (Prop_bufg_I_O)         0.096     3.602 r  CLK100MHZ_IBUF_BUFG_inst/O
                         net (fo=339, routed)         1.706     5.308    btn_filter/CLK100MHZ_IBUF_BUFG
    SLICE_X79Y101        FDRE                                         r  btn_filter/btn_o_reg/C
  -------------------------------------------------------------------    -------------------
    SLICE_X79Y101        FDRE (Prop_fdre_C_Q)         0.419     5.727 r  btn_filter/btn_o_reg/Q
                         net (fo=284, routed)         4.642    10.369    fsm/rst
    SLICE_X84Y101        FDRE                                         r  fsm/result_reg[25]/R
  -------------------------------------------------------------------    -------------------

                         (clock sys_clk_pin rise edge)
                                                     10.000    10.000 r  
    E3                                                0.000    10.000 r  CLK100MHZ (IN)
                         net (fo=0)                   0.000    10.000    CLK100MHZ
    E3                   IBUF (Prop_ibuf_I_O)         1.411    11.411 r  CLK100MHZ_IBUF_inst/O
                         net (fo=1, routed)           1.920    13.331    CLK100MHZ_IBUF
    BUFGCTRL_X0Y16       BUFG (Prop_bufg_I_O)         0.091    13.422 r  CLK100MHZ_IBUF_BUFG_inst/O
                         net (fo=339, routed)         1.595    15.017    fsm/CLK100MHZ_IBUF_BUFG
    SLICE_X84Y101        FDRE                                         r  fsm/result_reg[25]/C
                         clock pessimism              0.259    15.276    
                         clock uncertainty           -0.035    15.241    
    SLICE_X84Y101        FDRE (Setup_fdre_C_R)       -0.699    14.542    fsm/result_reg[25]
  -------------------------------------------------------------------
                         required time                         14.542    
                         arrival time                         -10.369    
  -------------------------------------------------------------------
                         slack                                  4.173    

Slack (MET) :             4.173ns  (required time - arrival time)
  Source:                 btn_filter/btn_o_reg/C
                            (rising edge-triggered cell FDRE clocked by sys_clk_pin  {rise@0.000ns fall@5.000ns period=10.000ns})
  Destination:            fsm/result_reg[28]/R
                            (rising edge-triggered cell FDRE clocked by sys_clk_pin  {rise@0.000ns fall@5.000ns period=10.000ns})
  Path Group:             sys_clk_pin
  Path Type:              Setup (Max at Slow Process Corner)
  Requirement:            10.000ns  (sys_clk_pin rise@10.000ns - sys_clk_pin rise@0.000ns)
  Data Path Delay:        5.061ns  (logic 0.419ns (8.280%)  route 4.642ns (91.720%))
  Logic Levels:           0  
  Clock Path Skew:        -0.032ns (DCD - SCD + CPR)
    Destination Clock Delay (DCD):    5.017ns = ( 15.017 - 10.000 ) 
    Source Clock Delay      (SCD):    5.308ns
    Clock Pessimism Removal (CPR):    0.259ns
  Clock Uncertainty:      0.035ns  ((TSJ^2 + TIJ^2)^1/2 + DJ) / 2 + PE
    Total System Jitter     (TSJ):    0.071ns
    Total Input Jitter      (TIJ):    0.000ns
    Discrete Jitter          (DJ):    0.000ns
    Phase Error              (PE):    0.000ns

    Location             Delay type                Incr(ns)  Path(ns)    Netlist Resource(s)
  -------------------------------------------------------------------    -------------------
                         (clock sys_clk_pin rise edge)
                                                      0.000     0.000 r  
    E3                                                0.000     0.000 r  CLK100MHZ (IN)
                         net (fo=0)                   0.000     0.000    CLK100MHZ
    E3                   IBUF (Prop_ibuf_I_O)         1.482     1.482 r  CLK100MHZ_IBUF_inst/O
                         net (fo=1, routed)           2.025     3.506    CLK100MHZ_IBUF
    BUFGCTRL_X0Y16       BUFG (Prop_bufg_I_O)         0.096     3.602 r  CLK100MHZ_IBUF_BUFG_inst/O
                         net (fo=339, routed)         1.706     5.308    btn_filter/CLK100MHZ_IBUF_BUFG
    SLICE_X79Y101        FDRE                                         r  btn_filter/btn_o_reg/C
  -------------------------------------------------------------------    -------------------
    SLICE_X79Y101        FDRE (Prop_fdre_C_Q)         0.419     5.727 r  btn_filter/btn_o_reg/Q
                         net (fo=284, routed)         4.642    10.369    fsm/rst
    SLICE_X84Y101        FDRE                                         r  fsm/result_reg[28]/R
  -------------------------------------------------------------------    -------------------

                         (clock sys_clk_pin rise edge)
                                                     10.000    10.000 r  
    E3                                                0.000    10.000 r  CLK100MHZ (IN)
                         net (fo=0)                   0.000    10.000    CLK100MHZ
    E3                   IBUF (Prop_ibuf_I_O)         1.411    11.411 r  CLK100MHZ_IBUF_inst/O
                         net (fo=1, routed)           1.920    13.331    CLK100MHZ_IBUF
    BUFGCTRL_X0Y16       BUFG (Prop_bufg_I_O)         0.091    13.422 r  CLK100MHZ_IBUF_BUFG_inst/O
                         net (fo=339, routed)         1.595    15.017    fsm/CLK100MHZ_IBUF_BUFG
    SLICE_X84Y101        FDRE                                         r  fsm/result_reg[28]/C
                         clock pessimism              0.259    15.276    
                         clock uncertainty           -0.035    15.241    
    SLICE_X84Y101        FDRE (Setup_fdre_C_R)       -0.699    14.542    fsm/result_reg[28]
  -------------------------------------------------------------------
                         required time                         14.542    
                         arrival time                         -10.369    
  -------------------------------------------------------------------
                         slack                                  4.173    

Slack (MET) :             4.173ns  (required time - arrival time)
  Source:                 btn_filter/btn_o_reg/C
                            (rising edge-triggered cell FDRE clocked by sys_clk_pin  {rise@0.000ns fall@5.000ns period=10.000ns})
  Destination:            fsm/result_reg[29]/R
                            (rising edge-triggered cell FDRE clocked by sys_clk_pin  {rise@0.000ns fall@5.000ns period=10.000ns})
  Path Group:             sys_clk_pin
  Path Type:              Setup (Max at Slow Process Corner)
  Requirement:            10.000ns  (sys_clk_pin rise@10.000ns - sys_clk_pin rise@0.000ns)
  Data Path Delay:        5.061ns  (logic 0.419ns (8.280%)  route 4.642ns (91.720%))
  Logic Levels:           0  
  Clock Path Skew:        -0.032ns (DCD - SCD + CPR)
    Destination Clock Delay (DCD):    5.017ns = ( 15.017 - 10.000 ) 
    Source Clock Delay      (SCD):    5.308ns
    Clock Pessimism Removal (CPR):    0.259ns
  Clock Uncertainty:      0.035ns  ((TSJ^2 + TIJ^2)^1/2 + DJ) / 2 + PE
    Total System Jitter     (TSJ):    0.071ns
    Total Input Jitter      (TIJ):    0.000ns
    Discrete Jitter          (DJ):    0.000ns
    Phase Error              (PE):    0.000ns

    Location             Delay type                Incr(ns)  Path(ns)    Netlist Resource(s)
  -------------------------------------------------------------------    -------------------
                         (clock sys_clk_pin rise edge)
                                                      0.000     0.000 r  
    E3                                                0.000     0.000 r  CLK100MHZ (IN)
                         net (fo=0)                   0.000     0.000    CLK100MHZ
    E3                   IBUF (Prop_ibuf_I_O)         1.482     1.482 r  CLK100MHZ_IBUF_inst/O
                         net (fo=1, routed)           2.025     3.506    CLK100MHZ_IBUF
    BUFGCTRL_X0Y16       BUFG (Prop_bufg_I_O)         0.096     3.602 r  CLK100MHZ_IBUF_BUFG_inst/O
                         net (fo=339, routed)         1.706     5.308    btn_filter/CLK100MHZ_IBUF_BUFG
    SLICE_X79Y101        FDRE                                         r  btn_filter/btn_o_reg/C
  -------------------------------------------------------------------    -------------------
    SLICE_X79Y101        FDRE (Prop_fdre_C_Q)         0.419     5.727 r  btn_filter/btn_o_reg/Q
                         net (fo=284, routed)         4.642    10.369    fsm/rst
    SLICE_X84Y101        FDRE                                         r  fsm/result_reg[29]/R
  -------------------------------------------------------------------    -------------------

                         (clock sys_clk_pin rise edge)
                                                     10.000    10.000 r  
    E3                                                0.000    10.000 r  CLK100MHZ (IN)
                         net (fo=0)                   0.000    10.000    CLK100MHZ
    E3                   IBUF (Prop_ibuf_I_O)         1.411    11.411 r  CLK100MHZ_IBUF_inst/O
                         net (fo=1, routed)           1.920    13.331    CLK100MHZ_IBUF
    BUFGCTRL_X0Y16       BUFG (Prop_bufg_I_O)         0.091    13.422 r  CLK100MHZ_IBUF_BUFG_inst/O
                         net (fo=339, routed)         1.595    15.017    fsm/CLK100MHZ_IBUF_BUFG
    SLICE_X84Y101        FDRE                                         r  fsm/result_reg[29]/C
                         clock pessimism              0.259    15.276    
                         clock uncertainty           -0.035    15.241    
    SLICE_X84Y101        FDRE (Setup_fdre_C_R)       -0.699    14.542    fsm/result_reg[29]
  -------------------------------------------------------------------
                         required time                         14.542    
                         arrival time                         -10.369    
  -------------------------------------------------------------------
                         slack                                  4.173    

Slack (MET) :             4.173ns  (required time - arrival time)
  Source:                 btn_filter/btn_o_reg/C
                            (rising edge-triggered cell FDRE clocked by sys_clk_pin  {rise@0.000ns fall@5.000ns period=10.000ns})
  Destination:            fsm/result_reg[30]/R
                            (rising edge-triggered cell FDRE clocked by sys_clk_pin  {rise@0.000ns fall@5.000ns period=10.000ns})
  Path Group:             sys_clk_pin
  Path Type:              Setup (Max at Slow Process Corner)
  Requirement:            10.000ns  (sys_clk_pin rise@10.000ns - sys_clk_pin rise@0.000ns)
  Data Path Delay:        5.061ns  (logic 0.419ns (8.280%)  route 4.642ns (91.720%))
  Logic Levels:           0  
  Clock Path Skew:        -0.032ns (DCD - SCD + CPR)
    Destination Clock Delay (DCD):    5.017ns = ( 15.017 - 10.000 ) 
    Source Clock Delay      (SCD):    5.308ns
    Clock Pessimism Removal (CPR):    0.259ns
  Clock Uncertainty:      0.035ns  ((TSJ^2 + TIJ^2)^1/2 + DJ) / 2 + PE
    Total System Jitter     (TSJ):    0.071ns
    Total Input Jitter      (TIJ):    0.000ns
    Discrete Jitter          (DJ):    0.000ns
    Phase Error              (PE):    0.000ns

    Location             Delay type                Incr(ns)  Path(ns)    Netlist Resource(s)
  -------------------------------------------------------------------    -------------------
                         (clock sys_clk_pin rise edge)
                                                      0.000     0.000 r  
    E3                                                0.000     0.000 r  CLK100MHZ (IN)
                         net (fo=0)                   0.000     0.000    CLK100MHZ
    E3                   IBUF (Prop_ibuf_I_O)         1.482     1.482 r  CLK100MHZ_IBUF_inst/O
                         net (fo=1, routed)           2.025     3.506    CLK100MHZ_IBUF
    BUFGCTRL_X0Y16       BUFG (Prop_bufg_I_O)         0.096     3.602 r  CLK100MHZ_IBUF_BUFG_inst/O
                         net (fo=339, routed)         1.706     5.308    btn_filter/CLK100MHZ_IBUF_BUFG
    SLICE_X79Y101        FDRE                                         r  btn_filter/btn_o_reg/C
  -------------------------------------------------------------------    -------------------
    SLICE_X79Y101        FDRE (Prop_fdre_C_Q)         0.419     5.727 r  btn_filter/btn_o_reg/Q
                         net (fo=284, routed)         4.642    10.369    fsm/rst
    SLICE_X84Y101        FDRE                                         r  fsm/result_reg[30]/R
  -------------------------------------------------------------------    -------------------

                         (clock sys_clk_pin rise edge)
                                                     10.000    10.000 r  
    E3                                                0.000    10.000 r  CLK100MHZ (IN)
                         net (fo=0)                   0.000    10.000    CLK100MHZ
    E3                   IBUF (Prop_ibuf_I_O)         1.411    11.411 r  CLK100MHZ_IBUF_inst/O
                         net (fo=1, routed)           1.920    13.331    CLK100MHZ_IBUF
    BUFGCTRL_X0Y16       BUFG (Prop_bufg_I_O)         0.091    13.422 r  CLK100MHZ_IBUF_BUFG_inst/O
                         net (fo=339, routed)         1.595    15.017    fsm/CLK100MHZ_IBUF_BUFG
    SLICE_X84Y101        FDRE                                         r  fsm/result_reg[30]/C
                         clock pessimism              0.259    15.276    
                         clock uncertainty           -0.035    15.241    
    SLICE_X84Y101        FDRE (Setup_fdre_C_R)       -0.699    14.542    fsm/result_reg[30]
  -------------------------------------------------------------------
                         required time                         14.542    
                         arrival time                         -10.369    
  -------------------------------------------------------------------
                         slack                                  4.173    

Slack (MET) :             4.173ns  (required time - arrival time)
  Source:                 btn_filter/btn_o_reg/C
                            (rising edge-triggered cell FDRE clocked by sys_clk_pin  {rise@0.000ns fall@5.000ns period=10.000ns})
  Destination:            fsm/result_reg[31]/R
                            (rising edge-triggered cell FDRE clocked by sys_clk_pin  {rise@0.000ns fall@5.000ns period=10.000ns})
  Path Group:             sys_clk_pin
  Path Type:              Setup (Max at Slow Process Corner)
  Requirement:            10.000ns  (sys_clk_pin rise@10.000ns - sys_clk_pin rise@0.000ns)
  Data Path Delay:        5.061ns  (logic 0.419ns (8.280%)  route 4.642ns (91.720%))
  Logic Levels:           0  
  Clock Path Skew:        -0.032ns (DCD - SCD + CPR)
    Destination Clock Delay (DCD):    5.017ns = ( 15.017 - 10.000 ) 
    Source Clock Delay      (SCD):    5.308ns
    Clock Pessimism Removal (CPR):    0.259ns
  Clock Uncertainty:      0.035ns  ((TSJ^2 + TIJ^2)^1/2 + DJ) / 2 + PE
    Total System Jitter     (TSJ):    0.071ns
    Total Input Jitter      (TIJ):    0.000ns
    Discrete Jitter          (DJ):    0.000ns
    Phase Error              (PE):    0.000ns

    Location             Delay type                Incr(ns)  Path(ns)    Netlist Resource(s)
  -------------------------------------------------------------------    -------------------
                         (clock sys_clk_pin rise edge)
                                                      0.000     0.000 r  
    E3                                                0.000     0.000 r  CLK100MHZ (IN)
                         net (fo=0)                   0.000     0.000    CLK100MHZ
    E3                   IBUF (Prop_ibuf_I_O)         1.482     1.482 r  CLK100MHZ_IBUF_inst/O
                         net (fo=1, routed)           2.025     3.506    CLK100MHZ_IBUF
    BUFGCTRL_X0Y16       BUFG (Prop_bufg_I_O)         0.096     3.602 r  CLK100MHZ_IBUF_BUFG_inst/O
                         net (fo=339, routed)         1.706     5.308    btn_filter/CLK100MHZ_IBUF_BUFG
    SLICE_X79Y101        FDRE                                         r  btn_filter/btn_o_reg/C
  -------------------------------------------------------------------    -------------------
    SLICE_X79Y101        FDRE (Prop_fdre_C_Q)         0.419     5.727 r  btn_filter/btn_o_reg/Q
                         net (fo=284, routed)         4.642    10.369    fsm/rst
    SLICE_X84Y101        FDRE                                         r  fsm/result_reg[31]/R
  -------------------------------------------------------------------    -------------------

                         (clock sys_clk_pin rise edge)
                                                     10.000    10.000 r  
    E3                                                0.000    10.000 r  CLK100MHZ (IN)
                         net (fo=0)                   0.000    10.000    CLK100MHZ
    E3                   IBUF (Prop_ibuf_I_O)         1.411    11.411 r  CLK100MHZ_IBUF_inst/O
                         net (fo=1, routed)           1.920    13.331    CLK100MHZ_IBUF
    BUFGCTRL_X0Y16       BUFG (Prop_bufg_I_O)         0.091    13.422 r  CLK100MHZ_IBUF_BUFG_inst/O
                         net (fo=339, routed)         1.595    15.017    fsm/CLK100MHZ_IBUF_BUFG
    SLICE_X84Y101        FDRE                                         r  fsm/result_reg[31]/C
                         clock pessimism              0.259    15.276    
                         clock uncertainty           -0.035    15.241    
    SLICE_X84Y101        FDRE (Setup_fdre_C_R)       -0.699    14.542    fsm/result_reg[31]
  -------------------------------------------------------------------
                         required time                         14.542    
                         arrival time                         -10.369    
  -------------------------------------------------------------------
                         slack                                  4.173    





Min Delay Paths
--------------------------------------------------------------------------------------
Slack (MET) :             0.062ns  (arrival time - required time)
  Source:                 fsm/result_reg[93]/C
                            (rising edge-triggered cell FDRE clocked by sys_clk_pin  {rise@0.000ns fall@5.000ns period=10.000ns})
  Destination:            fsm/result_reg[97]/D
                            (rising edge-triggered cell FDRE clocked by sys_clk_pin  {rise@0.000ns fall@5.000ns period=10.000ns})
  Path Group:             sys_clk_pin
  Path Type:              Hold (Min at Fast Process Corner)
  Requirement:            0.000ns  (sys_clk_pin rise@0.000ns - sys_clk_pin rise@0.000ns)
  Data Path Delay:        0.471ns  (logic 0.244ns (51.809%)  route 0.227ns (48.191%))
  Logic Levels:           1  (LUT2=1)
  Clock Path Skew:        0.278ns (DCD - SCD - CPR)
    Destination Clock Delay (DCD):    2.040ns
    Source Clock Delay      (SCD):    1.516ns
    Clock Pessimism Removal (CPR):    0.245ns

    Location             Delay type                Incr(ns)  Path(ns)    Netlist Resource(s)
  -------------------------------------------------------------------    -------------------
                         (clock sys_clk_pin rise edge)
                                                      0.000     0.000 r  
    E3                                                0.000     0.000 r  CLK100MHZ (IN)
                         net (fo=0)                   0.000     0.000    CLK100MHZ
    E3                   IBUF (Prop_ibuf_I_O)         0.250     0.250 r  CLK100MHZ_IBUF_inst/O
                         net (fo=1, routed)           0.644     0.894    CLK100MHZ_IBUF
    BUFGCTRL_X0Y16       BUFG (Prop_bufg_I_O)         0.026     0.920 r  CLK100MHZ_IBUF_BUFG_inst/O
                         net (fo=339, routed)         0.597     1.516    fsm/CLK100MHZ_IBUF_BUFG
    SLICE_X80Y100        FDRE                                         r  fsm/result_reg[93]/C
  -------------------------------------------------------------------    -------------------
    SLICE_X80Y100        FDRE (Prop_fdre_C_Q)         0.148     1.664 r  fsm/result_reg[93]/Q
                         net (fo=1, routed)           0.227     1.891    fsm/result[93]
    SLICE_X80Y99         LUT2 (Prop_lut2_I1_O)        0.096     1.987 r  fsm/result[97]_i_1/O
                         net (fo=1, routed)           0.000     1.987    fsm/result_0[97]
    SLICE_X80Y99         FDRE                                         r  fsm/result_reg[97]/D
  -------------------------------------------------------------------    -------------------

                         (clock sys_clk_pin rise edge)
                                                      0.000     0.000 r  
    E3                                                0.000     0.000 r  CLK100MHZ (IN)
                         net (fo=0)                   0.000     0.000    CLK100MHZ
    E3                   IBUF (Prop_ibuf_I_O)         0.438     0.438 r  CLK100MHZ_IBUF_inst/O
                         net (fo=1, routed)           0.699     1.136    CLK100MHZ_IBUF
    BUFGCTRL_X0Y16       BUFG (Prop_bufg_I_O)         0.029     1.165 r  CLK100MHZ_IBUF_BUFG_inst/O
                         net (fo=339, routed)         0.875     2.040    fsm/CLK100MHZ_IBUF_BUFG
    SLICE_X80Y99         FDRE                                         r  fsm/result_reg[97]/C
                         clock pessimism             -0.245     1.794    
    SLICE_X80Y99         FDRE (Hold_fdre_C_D)         0.131     1.925    fsm/result_reg[97]
  -------------------------------------------------------------------
                         required time                         -1.925    
                         arrival time                           1.987    
  -------------------------------------------------------------------
                         slack                                  0.062    

Slack (MET) :             0.101ns  (arrival time - required time)
  Source:                 fsm/result_reg[95]/C
                            (rising edge-triggered cell FDRE clocked by sys_clk_pin  {rise@0.000ns fall@5.000ns period=10.000ns})
  Destination:            fsm/result_reg[99]/D
                            (rising edge-triggered cell FDRE clocked by sys_clk_pin  {rise@0.000ns fall@5.000ns period=10.000ns})
  Path Group:             sys_clk_pin
  Path Type:              Hold (Min at Fast Process Corner)
  Requirement:            0.000ns  (sys_clk_pin rise@0.000ns - sys_clk_pin rise@0.000ns)
  Data Path Delay:        0.510ns  (logic 0.227ns (44.483%)  route 0.283ns (55.517%))
  Logic Levels:           1  (LUT2=1)
  Clock Path Skew:        0.278ns (DCD - SCD - CPR)
    Destination Clock Delay (DCD):    2.040ns
    Source Clock Delay      (SCD):    1.516ns
    Clock Pessimism Removal (CPR):    0.245ns

    Location             Delay type                Incr(ns)  Path(ns)    Netlist Resource(s)
  -------------------------------------------------------------------    -------------------
                         (clock sys_clk_pin rise edge)
                                                      0.000     0.000 r  
    E3                                                0.000     0.000 r  CLK100MHZ (IN)
                         net (fo=0)                   0.000     0.000    CLK100MHZ
    E3                   IBUF (Prop_ibuf_I_O)         0.250     0.250 r  CLK100MHZ_IBUF_inst/O
                         net (fo=1, routed)           0.644     0.894    CLK100MHZ_IBUF
    BUFGCTRL_X0Y16       BUFG (Prop_bufg_I_O)         0.026     0.920 r  CLK100MHZ_IBUF_BUFG_inst/O
                         net (fo=339, routed)         0.597     1.516    fsm/CLK100MHZ_IBUF_BUFG
    SLICE_X81Y100        FDRE                                         r  fsm/result_reg[95]/C
  -------------------------------------------------------------------    -------------------
    SLICE_X81Y100        FDRE (Prop_fdre_C_Q)         0.128     1.644 r  fsm/result_reg[95]/Q
                         net (fo=1, routed)           0.283     1.928    fsm/result[95]
    SLICE_X80Y99         LUT2 (Prop_lut2_I1_O)        0.099     2.027 r  fsm/result[99]_i_1/O
                         net (fo=1, routed)           0.000     2.027    fsm/result_0[99]
    SLICE_X80Y99         FDRE                                         r  fsm/result_reg[99]/D
  -------------------------------------------------------------------    -------------------

                         (clock sys_clk_pin rise edge)
                                                      0.000     0.000 r  
    E3                                                0.000     0.000 r  CLK100MHZ (IN)
                         net (fo=0)                   0.000     0.000    CLK100MHZ
    E3                   IBUF (Prop_ibuf_I_O)         0.438     0.438 r  CLK100MHZ_IBUF_inst/O
                         net (fo=1, routed)           0.699     1.136    CLK100MHZ_IBUF
    BUFGCTRL_X0Y16       BUFG (Prop_bufg_I_O)         0.029     1.165 r  CLK100MHZ_IBUF_BUFG_inst/O
                         net (fo=339, routed)         0.875     2.040    fsm/CLK100MHZ_IBUF_BUFG
    SLICE_X80Y99         FDRE                                         r  fsm/result_reg[99]/C
                         clock pessimism             -0.245     1.794    
    SLICE_X80Y99         FDRE (Hold_fdre_C_D)         0.131     1.925    fsm/result_reg[99]
  -------------------------------------------------------------------
                         required time                         -1.925    
                         arrival time                           2.027    
  -------------------------------------------------------------------
                         slack                                  0.101    

Slack (MET) :             0.105ns  (arrival time - required time)
  Source:                 uart/baud_gen_inst/cnt_reg[7]/C
                            (rising edge-triggered cell FDRE clocked by sys_clk_pin  {rise@0.000ns fall@5.000ns period=10.000ns})
  Destination:            uart/baud_gen_inst/cnt_reg[8]/D
                            (rising edge-triggered cell FDRE clocked by sys_clk_pin  {rise@0.000ns fall@5.000ns period=10.000ns})
  Path Group:             sys_clk_pin
  Path Type:              Hold (Min at Fast Process Corner)
  Requirement:            0.000ns  (sys_clk_pin rise@0.000ns - sys_clk_pin rise@0.000ns)
  Data Path Delay:        0.476ns  (logic 0.355ns (74.570%)  route 0.121ns (25.430%))
  Logic Levels:           2  (CARRY4=2)
  Clock Path Skew:        0.266ns (DCD - SCD - CPR)
    Destination Clock Delay (DCD):    2.039ns
    Source Clock Delay      (SCD):    1.527ns
    Clock Pessimism Removal (CPR):    0.245ns

    Location             Delay type                Incr(ns)  Path(ns)    Netlist Resource(s)
  -------------------------------------------------------------------    -------------------
                         (clock sys_clk_pin rise edge)
                                                      0.000     0.000 r  
    E3                                                0.000     0.000 r  CLK100MHZ (IN)
                         net (fo=0)                   0.000     0.000    CLK100MHZ
    E3                   IBUF (Prop_ibuf_I_O)         0.250     0.250 r  CLK100MHZ_IBUF_inst/O
                         net (fo=1, routed)           0.644     0.894    CLK100MHZ_IBUF
    BUFGCTRL_X0Y16       BUFG (Prop_bufg_I_O)         0.026     0.920 r  CLK100MHZ_IBUF_BUFG_inst/O
                         net (fo=339, routed)         0.608     1.527    uart/baud_gen_inst/CLK100MHZ_IBUF_BUFG
    SLICE_X87Y99         FDRE                                         r  uart/baud_gen_inst/cnt_reg[7]/C
  -------------------------------------------------------------------    -------------------
    SLICE_X87Y99         FDRE (Prop_fdre_C_Q)         0.141     1.668 r  uart/baud_gen_inst/cnt_reg[7]/Q
                         net (fo=2, routed)           0.120     1.789    uart/baud_gen_inst/cnt_reg[7]
    SLICE_X87Y99         CARRY4 (Prop_carry4_S[3]_CO[3])
                                                      0.160     1.949 r  uart/baud_gen_inst/cnt_reg[4]_i_1/CO[3]
                         net (fo=1, routed)           0.001     1.949    uart/baud_gen_inst/cnt_reg[4]_i_1_n_0
    SLICE_X87Y100        CARRY4 (Prop_carry4_CI_O[0])
                                                      0.054     2.003 r  uart/baud_gen_inst/cnt_reg[8]_i_1/O[0]
                         net (fo=1, routed)           0.000     2.003    uart/baud_gen_inst/cnt_reg[8]_i_1_n_7
    SLICE_X87Y100        FDRE                                         r  uart/baud_gen_inst/cnt_reg[8]/D
  -------------------------------------------------------------------    -------------------

                         (clock sys_clk_pin rise edge)
                                                      0.000     0.000 r  
    E3                                                0.000     0.000 r  CLK100MHZ (IN)
                         net (fo=0)                   0.000     0.000    CLK100MHZ
    E3                   IBUF (Prop_ibuf_I_O)         0.438     0.438 r  CLK100MHZ_IBUF_inst/O
                         net (fo=1, routed)           0.699     1.136    CLK100MHZ_IBUF
    BUFGCTRL_X0Y16       BUFG (Prop_bufg_I_O)         0.029     1.165 r  CLK100MHZ_IBUF_BUFG_inst/O
                         net (fo=339, routed)         0.873     2.039    uart/baud_gen_inst/CLK100MHZ_IBUF_BUFG
    SLICE_X87Y100        FDRE                                         r  uart/baud_gen_inst/cnt_reg[8]/C
                         clock pessimism             -0.245     1.793    
    SLICE_X87Y100        FDRE (Hold_fdre_C_D)         0.105     1.898    uart/baud_gen_inst/cnt_reg[8]
  -------------------------------------------------------------------
                         required time                         -1.898    
                         arrival time                           2.003    
  -------------------------------------------------------------------
                         slack                                  0.105    

Slack (MET) :             0.113ns  (arrival time - required time)
  Source:                 fsm/B_reg[20]/C
                            (rising edge-triggered cell FDRE clocked by sys_clk_pin  {rise@0.000ns fall@5.000ns period=10.000ns})
  Destination:            fsm/B_reg[24]/D
                            (rising edge-triggered cell FDRE clocked by sys_clk_pin  {rise@0.000ns fall@5.000ns period=10.000ns})
  Path Group:             sys_clk_pin
  Path Type:              Hold (Min at Fast Process Corner)
  Requirement:            0.000ns  (sys_clk_pin rise@0.000ns - sys_clk_pin rise@0.000ns)
  Data Path Delay:        0.499ns  (logic 0.209ns (41.883%)  route 0.290ns (58.117%))
  Logic Levels:           1  (LUT2=1)
  Clock Path Skew:        0.266ns (DCD - SCD - CPR)
    Destination Clock Delay (DCD):    2.038ns
    Source Clock Delay      (SCD):    1.526ns
    Clock Pessimism Removal (CPR):    0.245ns

    Location             Delay type                Incr(ns)  Path(ns)    Netlist Resource(s)
  -------------------------------------------------------------------    -------------------
                         (clock sys_clk_pin rise edge)
                                                      0.000     0.000 r  
    E3                                                0.000     0.000 r  CLK100MHZ (IN)
                         net (fo=0)                   0.000     0.000    CLK100MHZ
    E3                   IBUF (Prop_ibuf_I_O)         0.250     0.250 r  CLK100MHZ_IBUF_inst/O
                         net (fo=1, routed)           0.644     0.894    CLK100MHZ_IBUF
    BUFGCTRL_X0Y16       BUFG (Prop_bufg_I_O)         0.026     0.920 r  CLK100MHZ_IBUF_BUFG_inst/O
                         net (fo=339, routed)         0.607     1.526    fsm/CLK100MHZ_IBUF_BUFG
    SLICE_X84Y98         FDRE                                         r  fsm/B_reg[20]/C
  -------------------------------------------------------------------    -------------------
    SLICE_X84Y98         FDRE (Prop_fdre_C_Q)         0.164     1.690 r  fsm/B_reg[20]/Q
                         net (fo=2, routed)           0.290     1.980    fsm/B[20]
    SLICE_X84Y100        LUT2 (Prop_lut2_I0_O)        0.045     2.025 r  fsm/B[24]_i_1/O
                         net (fo=1, routed)           0.000     2.025    fsm/B[24]_i_1_n_0
    SLICE_X84Y100        FDRE                                         r  fsm/B_reg[24]/D
  -------------------------------------------------------------------    -------------------

                         (clock sys_clk_pin rise edge)
                                                      0.000     0.000 r  
    E3                                                0.000     0.000 r  CLK100MHZ (IN)
                         net (fo=0)                   0.000     0.000    CLK100MHZ
    E3                   IBUF (Prop_ibuf_I_O)         0.438     0.438 r  CLK100MHZ_IBUF_inst/O
                         net (fo=1, routed)           0.699     1.136    CLK100MHZ_IBUF
    BUFGCTRL_X0Y16       BUFG (Prop_bufg_I_O)         0.029     1.165 r  CLK100MHZ_IBUF_BUFG_inst/O
                         net (fo=339, routed)         0.873     2.038    fsm/CLK100MHZ_IBUF_BUFG
    SLICE_X84Y100        FDRE                                         r  fsm/B_reg[24]/C
                         clock pessimism             -0.245     1.792    
    SLICE_X84Y100        FDRE (Hold_fdre_C_D)         0.120     1.912    fsm/B_reg[24]
  -------------------------------------------------------------------
                         required time                         -1.912    
                         arrival time                           2.025    
  -------------------------------------------------------------------
                         slack                                  0.113    

Slack (MET) :             0.116ns  (arrival time - required time)
  Source:                 uart/baud_gen_inst/cnt_reg[7]/C
                            (rising edge-triggered cell FDRE clocked by sys_clk_pin  {rise@0.000ns fall@5.000ns period=10.000ns})
  Destination:            uart/baud_gen_inst/cnt_reg[10]/D
                            (rising edge-triggered cell FDRE clocked by sys_clk_pin  {rise@0.000ns fall@5.000ns period=10.000ns})
  Path Group:             sys_clk_pin
  Path Type:              Hold (Min at Fast Process Corner)
  Requirement:            0.000ns  (sys_clk_pin rise@0.000ns - sys_clk_pin rise@0.000ns)
  Data Path Delay:        0.487ns  (logic 0.366ns (75.144%)  route 0.121ns (24.856%))
  Logic Levels:           2  (CARRY4=2)
  Clock Path Skew:        0.266ns (DCD - SCD - CPR)
    Destination Clock Delay (DCD):    2.039ns
    Source Clock Delay      (SCD):    1.527ns
    Clock Pessimism Removal (CPR):    0.245ns

    Location             Delay type                Incr(ns)  Path(ns)    Netlist Resource(s)
  -------------------------------------------------------------------    -------------------
                         (clock sys_clk_pin rise edge)
                                                      0.000     0.000 r  
    E3                                                0.000     0.000 r  CLK100MHZ (IN)
                         net (fo=0)                   0.000     0.000    CLK100MHZ
    E3                   IBUF (Prop_ibuf_I_O)         0.250     0.250 r  CLK100MHZ_IBUF_inst/O
                         net (fo=1, routed)           0.644     0.894    CLK100MHZ_IBUF
    BUFGCTRL_X0Y16       BUFG (Prop_bufg_I_O)         0.026     0.920 r  CLK100MHZ_IBUF_BUFG_inst/O
                         net (fo=339, routed)         0.608     1.527    uart/baud_gen_inst/CLK100MHZ_IBUF_BUFG
    SLICE_X87Y99         FDRE                                         r  uart/baud_gen_inst/cnt_reg[7]/C
  -------------------------------------------------------------------    -------------------
    SLICE_X87Y99         FDRE (Prop_fdre_C_Q)         0.141     1.668 r  uart/baud_gen_inst/cnt_reg[7]/Q
                         net (fo=2, routed)           0.120     1.789    uart/baud_gen_inst/cnt_reg[7]
    SLICE_X87Y99         CARRY4 (Prop_carry4_S[3]_CO[3])
                                                      0.160     1.949 r  uart/baud_gen_inst/cnt_reg[4]_i_1/CO[3]
                         net (fo=1, routed)           0.001     1.949    uart/baud_gen_inst/cnt_reg[4]_i_1_n_0
    SLICE_X87Y100        CARRY4 (Prop_carry4_CI_O[2])
                                                      0.065     2.014 r  uart/baud_gen_inst/cnt_reg[8]_i_1/O[2]
                         net (fo=1, routed)           0.000     2.014    uart/baud_gen_inst/cnt_reg[8]_i_1_n_5
    SLICE_X87Y100        FDRE                                         r  uart/baud_gen_inst/cnt_reg[10]/D
  -------------------------------------------------------------------    -------------------

                         (clock sys_clk_pin rise edge)
                                                      0.000     0.000 r  
    E3                                                0.000     0.000 r  CLK100MHZ (IN)
                         net (fo=0)                   0.000     0.000    CLK100MHZ
    E3                   IBUF (Prop_ibuf_I_O)         0.438     0.438 r  CLK100MHZ_IBUF_inst/O
                         net (fo=1, routed)           0.699     1.136    CLK100MHZ_IBUF
    BUFGCTRL_X0Y16       BUFG (Prop_bufg_I_O)         0.029     1.165 r  CLK100MHZ_IBUF_BUFG_inst/O
                         net (fo=339, routed)         0.873     2.039    uart/baud_gen_inst/CLK100MHZ_IBUF_BUFG
    SLICE_X87Y100        FDRE                                         r  uart/baud_gen_inst/cnt_reg[10]/C
                         clock pessimism             -0.245     1.793    
    SLICE_X87Y100        FDRE (Hold_fdre_C_D)         0.105     1.898    uart/baud_gen_inst/cnt_reg[10]
  -------------------------------------------------------------------
                         required time                         -1.898    
                         arrival time                           2.014    
  -------------------------------------------------------------------
                         slack                                  0.116    

Slack (MET) :             0.118ns  (arrival time - required time)
  Source:                 fsm/B_reg[22]/C
                            (rising edge-triggered cell FDRE clocked by sys_clk_pin  {rise@0.000ns fall@5.000ns period=10.000ns})
  Destination:            fsm/B_reg[26]/D
                            (rising edge-triggered cell FDRE clocked by sys_clk_pin  {rise@0.000ns fall@5.000ns period=10.000ns})
  Path Group:             sys_clk_pin
  Path Type:              Hold (Min at Fast Process Corner)
  Requirement:            0.000ns  (sys_clk_pin rise@0.000ns - sys_clk_pin rise@0.000ns)
  Data Path Delay:        0.504ns  (logic 0.209ns (41.432%)  route 0.295ns (58.568%))
  Logic Levels:           1  (LUT2=1)
  Clock Path Skew:        0.266ns (DCD - SCD - CPR)
    Destination Clock Delay (DCD):    2.038ns
    Source Clock Delay      (SCD):    1.526ns
    Clock Pessimism Removal (CPR):    0.245ns

    Location             Delay type                Incr(ns)  Path(ns)    Netlist Resource(s)
  -------------------------------------------------------------------    -------------------
                         (clock sys_clk_pin rise edge)
                                                      0.000     0.000 r  
    E3                                                0.000     0.000 r  CLK100MHZ (IN)
                         net (fo=0)                   0.000     0.000    CLK100MHZ
    E3                   IBUF (Prop_ibuf_I_O)         0.250     0.250 r  CLK100MHZ_IBUF_inst/O
                         net (fo=1, routed)           0.644     0.894    CLK100MHZ_IBUF
    BUFGCTRL_X0Y16       BUFG (Prop_bufg_I_O)         0.026     0.920 r  CLK100MHZ_IBUF_BUFG_inst/O
                         net (fo=339, routed)         0.607     1.526    fsm/CLK100MHZ_IBUF_BUFG
    SLICE_X84Y98         FDRE                                         r  fsm/B_reg[22]/C
  -------------------------------------------------------------------    -------------------
    SLICE_X84Y98         FDRE (Prop_fdre_C_Q)         0.164     1.690 r  fsm/B_reg[22]/Q
                         net (fo=2, routed)           0.295     1.986    fsm/B[22]
    SLICE_X84Y100        LUT2 (Prop_lut2_I0_O)        0.045     2.031 r  fsm/B[26]_i_1/O
                         net (fo=1, routed)           0.000     2.031    fsm/B[26]_i_1_n_0
    SLICE_X84Y100        FDRE                                         r  fsm/B_reg[26]/D
  -------------------------------------------------------------------    -------------------

                         (clock sys_clk_pin rise edge)
                                                      0.000     0.000 r  
    E3                                                0.000     0.000 r  CLK100MHZ (IN)
                         net (fo=0)                   0.000     0.000    CLK100MHZ
    E3                   IBUF (Prop_ibuf_I_O)         0.438     0.438 r  CLK100MHZ_IBUF_inst/O
                         net (fo=1, routed)           0.699     1.136    CLK100MHZ_IBUF
    BUFGCTRL_X0Y16       BUFG (Prop_bufg_I_O)         0.029     1.165 r  CLK100MHZ_IBUF_BUFG_inst/O
                         net (fo=339, routed)         0.873     2.038    fsm/CLK100MHZ_IBUF_BUFG
    SLICE_X84Y100        FDRE                                         r  fsm/B_reg[26]/C
                         clock pessimism             -0.245     1.792    
    SLICE_X84Y100        FDRE (Hold_fdre_C_D)         0.121     1.913    fsm/B_reg[26]
  -------------------------------------------------------------------
                         required time                         -1.913    
                         arrival time                           2.031    
  -------------------------------------------------------------------
                         slack                                  0.118    

Slack (MET) :             0.130ns  (arrival time - required time)
  Source:                 uart/rx_sync_reg[1]/C
                            (rising edge-triggered cell FDRE clocked by sys_clk_pin  {rise@0.000ns fall@5.000ns period=10.000ns})
  Destination:            uart/rx_sync_reg[2]/D
                            (rising edge-triggered cell FDRE clocked by sys_clk_pin  {rise@0.000ns fall@5.000ns period=10.000ns})
  Path Group:             sys_clk_pin
  Path Type:              Hold (Min at Fast Process Corner)
  Requirement:            0.000ns  (sys_clk_pin rise@0.000ns - sys_clk_pin rise@0.000ns)
  Data Path Delay:        0.477ns  (logic 0.164ns (34.348%)  route 0.313ns (65.652%))
  Logic Levels:           0  
  Clock Path Skew:        0.278ns (DCD - SCD - CPR)
    Destination Clock Delay (DCD):    2.045ns
    Source Clock Delay      (SCD):    1.521ns
    Clock Pessimism Removal (CPR):    0.245ns

    Location             Delay type                Incr(ns)  Path(ns)    Netlist Resource(s)
  -------------------------------------------------------------------    -------------------
                         (clock sys_clk_pin rise edge)
                                                      0.000     0.000 r  
    E3                                                0.000     0.000 r  CLK100MHZ (IN)
                         net (fo=0)                   0.000     0.000    CLK100MHZ
    E3                   IBUF (Prop_ibuf_I_O)         0.250     0.250 r  CLK100MHZ_IBUF_inst/O
                         net (fo=1, routed)           0.644     0.894    CLK100MHZ_IBUF
    BUFGCTRL_X0Y16       BUFG (Prop_bufg_I_O)         0.026     0.920 r  CLK100MHZ_IBUF_BUFG_inst/O
                         net (fo=339, routed)         0.602     1.521    uart/CLK100MHZ_IBUF_BUFG
    SLICE_X88Y100        FDRE                                         r  uart/rx_sync_reg[1]/C
  -------------------------------------------------------------------    -------------------
    SLICE_X88Y100        FDRE (Prop_fdre_C_Q)         0.164     1.685 r  uart/rx_sync_reg[1]/Q
                         net (fo=1, routed)           0.313     1.999    uart/rx_sync_reg_n_0_[1]
    SLICE_X89Y99         FDRE                                         r  uart/rx_sync_reg[2]/D
  -------------------------------------------------------------------    -------------------

                         (clock sys_clk_pin rise edge)
                                                      0.000     0.000 r  
    E3                                                0.000     0.000 r  CLK100MHZ (IN)
                         net (fo=0)                   0.000     0.000    CLK100MHZ
    E3                   IBUF (Prop_ibuf_I_O)         0.438     0.438 r  CLK100MHZ_IBUF_inst/O
                         net (fo=1, routed)           0.699     1.136    CLK100MHZ_IBUF
    BUFGCTRL_X0Y16       BUFG (Prop_bufg_I_O)         0.029     1.165 r  CLK100MHZ_IBUF_BUFG_inst/O
                         net (fo=339, routed)         0.880     2.045    uart/CLK100MHZ_IBUF_BUFG
    SLICE_X89Y99         FDRE                                         r  uart/rx_sync_reg[2]/C
                         clock pessimism             -0.245     1.799    
    SLICE_X89Y99         FDRE (Hold_fdre_C_D)         0.070     1.869    uart/rx_sync_reg[2]
  -------------------------------------------------------------------
                         required time                         -1.869    
                         arrival time                           1.999    
  -------------------------------------------------------------------
                         slack                                  0.130    

Slack (MET) :             0.141ns  (arrival time - required time)
  Source:                 uart/baud_gen_inst/cnt_reg[7]/C
                            (rising edge-triggered cell FDRE clocked by sys_clk_pin  {rise@0.000ns fall@5.000ns period=10.000ns})
  Destination:            uart/baud_gen_inst/cnt_reg[11]/D
                            (rising edge-triggered cell FDRE clocked by sys_clk_pin  {rise@0.000ns fall@5.000ns period=10.000ns})
  Path Group:             sys_clk_pin
  Path Type:              Hold (Min at Fast Process Corner)
  Requirement:            0.000ns  (sys_clk_pin rise@0.000ns - sys_clk_pin rise@0.000ns)
  Data Path Delay:        0.512ns  (logic 0.391ns (76.358%)  route 0.121ns (23.642%))
  Logic Levels:           2  (CARRY4=2)
  Clock Path Skew:        0.266ns (DCD - SCD - CPR)
    Destination Clock Delay (DCD):    2.039ns
    Source Clock Delay      (SCD):    1.527ns
    Clock Pessimism Removal (CPR):    0.245ns

    Location             Delay type                Incr(ns)  Path(ns)    Netlist Resource(s)
  -------------------------------------------------------------------    -------------------
                         (clock sys_clk_pin rise edge)
                                                      0.000     0.000 r  
    E3                                                0.000     0.000 r  CLK100MHZ (IN)
                         net (fo=0)                   0.000     0.000    CLK100MHZ
    E3                   IBUF (Prop_ibuf_I_O)         0.250     0.250 r  CLK100MHZ_IBUF_inst/O
                         net (fo=1, routed)           0.644     0.894    CLK100MHZ_IBUF
    BUFGCTRL_X0Y16       BUFG (Prop_bufg_I_O)         0.026     0.920 r  CLK100MHZ_IBUF_BUFG_inst/O
                         net (fo=339, routed)         0.608     1.527    uart/baud_gen_inst/CLK100MHZ_IBUF_BUFG
    SLICE_X87Y99         FDRE                                         r  uart/baud_gen_inst/cnt_reg[7]/C
  -------------------------------------------------------------------    -------------------
    SLICE_X87Y99         FDRE (Prop_fdre_C_Q)         0.141     1.668 r  uart/baud_gen_inst/cnt_reg[7]/Q
                         net (fo=2, routed)           0.120     1.789    uart/baud_gen_inst/cnt_reg[7]
    SLICE_X87Y99         CARRY4 (Prop_carry4_S[3]_CO[3])
                                                      0.160     1.949 r  uart/baud_gen_inst/cnt_reg[4]_i_1/CO[3]
                         net (fo=1, routed)           0.001     1.949    uart/baud_gen_inst/cnt_reg[4]_i_1_n_0
    SLICE_X87Y100        CARRY4 (Prop_carry4_CI_O[3])
                                                      0.090     2.039 r  uart/baud_gen_inst/cnt_reg[8]_i_1/O[3]
                         net (fo=1, routed)           0.000     2.039    uart/baud_gen_inst/cnt_reg[8]_i_1_n_4
    SLICE_X87Y100        FDRE                                         r  uart/baud_gen_inst/cnt_reg[11]/D
  -------------------------------------------------------------------    -------------------

                         (clock sys_clk_pin rise edge)
                                                      0.000     0.000 r  
    E3                                                0.000     0.000 r  CLK100MHZ (IN)
                         net (fo=0)                   0.000     0.000    CLK100MHZ
    E3                   IBUF (Prop_ibuf_I_O)         0.438     0.438 r  CLK100MHZ_IBUF_inst/O
                         net (fo=1, routed)           0.699     1.136    CLK100MHZ_IBUF
    BUFGCTRL_X0Y16       BUFG (Prop_bufg_I_O)         0.029     1.165 r  CLK100MHZ_IBUF_BUFG_inst/O
                         net (fo=339, routed)         0.873     2.039    uart/baud_gen_inst/CLK100MHZ_IBUF_BUFG
    SLICE_X87Y100        FDRE                                         r  uart/baud_gen_inst/cnt_reg[11]/C
                         clock pessimism             -0.245     1.793    
    SLICE_X87Y100        FDRE (Hold_fdre_C_D)         0.105     1.898    uart/baud_gen_inst/cnt_reg[11]
  -------------------------------------------------------------------
                         required time                         -1.898    
                         arrival time                           2.039    
  -------------------------------------------------------------------
                         slack                                  0.141    

Slack (MET) :             0.141ns  (arrival time - required time)
  Source:                 uart/baud_gen_inst/cnt_reg[7]/C
                            (rising edge-triggered cell FDRE clocked by sys_clk_pin  {rise@0.000ns fall@5.000ns period=10.000ns})
  Destination:            uart/baud_gen_inst/cnt_reg[9]/D
                            (rising edge-triggered cell FDRE clocked by sys_clk_pin  {rise@0.000ns fall@5.000ns period=10.000ns})
  Path Group:             sys_clk_pin
  Path Type:              Hold (Min at Fast Process Corner)
  Requirement:            0.000ns  (sys_clk_pin rise@0.000ns - sys_clk_pin rise@0.000ns)
  Data Path Delay:        0.512ns  (logic 0.391ns (76.358%)  route 0.121ns (23.642%))
  Logic Levels:           2  (CARRY4=2)
  Clock Path Skew:        0.266ns (DCD - SCD - CPR)
    Destination Clock Delay (DCD):    2.039ns
    Source Clock Delay      (SCD):    1.527ns
    Clock Pessimism Removal (CPR):    0.245ns

    Location             Delay type                Incr(ns)  Path(ns)    Netlist Resource(s)
  -------------------------------------------------------------------    -------------------
                         (clock sys_clk_pin rise edge)
                                                      0.000     0.000 r  
    E3                                                0.000     0.000 r  CLK100MHZ (IN)
                         net (fo=0)                   0.000     0.000    CLK100MHZ
    E3                   IBUF (Prop_ibuf_I_O)         0.250     0.250 r  CLK100MHZ_IBUF_inst/O
                         net (fo=1, routed)           0.644     0.894    CLK100MHZ_IBUF
    BUFGCTRL_X0Y16       BUFG (Prop_bufg_I_O)         0.026     0.920 r  CLK100MHZ_IBUF_BUFG_inst/O
                         net (fo=339, routed)         0.608     1.527    uart/baud_gen_inst/CLK100MHZ_IBUF_BUFG
    SLICE_X87Y99         FDRE                                         r  uart/baud_gen_inst/cnt_reg[7]/C
  -------------------------------------------------------------------    -------------------
    SLICE_X87Y99         FDRE (Prop_fdre_C_Q)         0.141     1.668 r  uart/baud_gen_inst/cnt_reg[7]/Q
                         net (fo=2, routed)           0.120     1.789    uart/baud_gen_inst/cnt_reg[7]
    SLICE_X87Y99         CARRY4 (Prop_carry4_S[3]_CO[3])
                                                      0.160     1.949 r  uart/baud_gen_inst/cnt_reg[4]_i_1/CO[3]
                         net (fo=1, routed)           0.001     1.949    uart/baud_gen_inst/cnt_reg[4]_i_1_n_0
    SLICE_X87Y100        CARRY4 (Prop_carry4_CI_O[1])
                                                      0.090     2.039 r  uart/baud_gen_inst/cnt_reg[8]_i_1/O[1]
                         net (fo=1, routed)           0.000     2.039    uart/baud_gen_inst/cnt_reg[8]_i_1_n_6
    SLICE_X87Y100        FDRE                                         r  uart/baud_gen_inst/cnt_reg[9]/D
  -------------------------------------------------------------------    -------------------

                         (clock sys_clk_pin rise edge)
                                                      0.000     0.000 r  
    E3                                                0.000     0.000 r  CLK100MHZ (IN)
                         net (fo=0)                   0.000     0.000    CLK100MHZ
    E3                   IBUF (Prop_ibuf_I_O)         0.438     0.438 r  CLK100MHZ_IBUF_inst/O
                         net (fo=1, routed)           0.699     1.136    CLK100MHZ_IBUF
    BUFGCTRL_X0Y16       BUFG (Prop_bufg_I_O)         0.029     1.165 r  CLK100MHZ_IBUF_BUFG_inst/O
                         net (fo=339, routed)         0.873     2.039    uart/baud_gen_inst/CLK100MHZ_IBUF_BUFG
    SLICE_X87Y100        FDRE                                         r  uart/baud_gen_inst/cnt_reg[9]/C
                         clock pessimism             -0.245     1.793    
    SLICE_X87Y100        FDRE (Hold_fdre_C_D)         0.105     1.898    uart/baud_gen_inst/cnt_reg[9]
  -------------------------------------------------------------------
                         required time                         -1.898    
                         arrival time                           2.039    
  -------------------------------------------------------------------
                         slack                                  0.141    

Slack (MET) :             0.144ns  (arrival time - required time)
  Source:                 btn_filter/state_reg/C
                            (rising edge-triggered cell FDRE clocked by sys_clk_pin  {rise@0.000ns fall@5.000ns period=10.000ns})
  Destination:            btn_filter/btn_o_reg/D
                            (rising edge-triggered cell FDRE clocked by sys_clk_pin  {rise@0.000ns fall@5.000ns period=10.000ns})
  Path Group:             sys_clk_pin
  Path Type:              Hold (Min at Fast Process Corner)
  Requirement:            0.000ns  (sys_clk_pin rise@0.000ns - sys_clk_pin rise@0.000ns)
  Data Path Delay:        0.219ns  (logic 0.141ns (64.352%)  route 0.078ns (35.648%))
  Logic Levels:           0  
  Clock Path Skew:        0.000ns (DCD - SCD - CPR)
    Destination Clock Delay (DCD):    2.032ns
    Source Clock Delay      (SCD):    1.514ns
    Clock Pessimism Removal (CPR):    0.517ns

    Location             Delay type                Incr(ns)  Path(ns)    Netlist Resource(s)
  -------------------------------------------------------------------    -------------------
                         (clock sys_clk_pin rise edge)
                                                      0.000     0.000 r  
    E3                                                0.000     0.000 r  CLK100MHZ (IN)
                         net (fo=0)                   0.000     0.000    CLK100MHZ
    E3                   IBUF (Prop_ibuf_I_O)         0.250     0.250 r  CLK100MHZ_IBUF_inst/O
                         net (fo=1, routed)           0.644     0.894    CLK100MHZ_IBUF
    BUFGCTRL_X0Y16       BUFG (Prop_bufg_I_O)         0.026     0.920 r  CLK100MHZ_IBUF_BUFG_inst/O
                         net (fo=339, routed)         0.595     1.514    btn_filter/CLK100MHZ_IBUF_BUFG
    SLICE_X79Y101        FDRE                                         r  btn_filter/state_reg/C
  -------------------------------------------------------------------    -------------------
    SLICE_X79Y101        FDRE (Prop_fdre_C_Q)         0.141     1.655 r  btn_filter/state_reg/Q
                         net (fo=3, routed)           0.078     1.734    btn_filter/state
    SLICE_X79Y101        FDRE                                         r  btn_filter/btn_o_reg/D
  -------------------------------------------------------------------    -------------------

                         (clock sys_clk_pin rise edge)
                                                      0.000     0.000 r  
    E3                                                0.000     0.000 r  CLK100MHZ (IN)
                         net (fo=0)                   0.000     0.000    CLK100MHZ
    E3                   IBUF (Prop_ibuf_I_O)         0.438     0.438 r  CLK100MHZ_IBUF_inst/O
                         net (fo=1, routed)           0.699     1.136    CLK100MHZ_IBUF
    BUFGCTRL_X0Y16       BUFG (Prop_bufg_I_O)         0.029     1.165 r  CLK100MHZ_IBUF_BUFG_inst/O
                         net (fo=339, routed)         0.867     2.032    btn_filter/CLK100MHZ_IBUF_BUFG
    SLICE_X79Y101        FDRE                                         r  btn_filter/btn_o_reg/C
                         clock pessimism             -0.517     1.514    
    SLICE_X79Y101        FDRE (Hold_fdre_C_D)         0.075     1.589    btn_filter/btn_o_reg
  -------------------------------------------------------------------
                         required time                         -1.589    
                         arrival time                           1.734    
  -------------------------------------------------------------------
                         slack                                  0.144    





Pulse Width Checks
--------------------------------------------------------------------------------------
Clock Name:         sys_clk_pin
Waveform(ns):       { 0.000 5.000 }
Period(ns):         10.000
Sources:            { CLK100MHZ }

Check Type        Corner  Lib Pin  Reference Pin  Required(ns)  Actual(ns)  Slack(ns)  Location        Pin
Min Period        n/a     BUFG/I   n/a            2.155         10.000      7.845      BUFGCTRL_X0Y16  CLK100MHZ_IBUF_BUFG_inst/I
Min Period        n/a     FDRE/C   n/a            1.000         10.000      9.000      SLICE_X81Y101   btn_filter/acc_reg[0]/C
Min Period        n/a     FDRE/C   n/a            1.000         10.000      9.000      SLICE_X81Y103   btn_filter/acc_reg[10]/C
Min Period        n/a     FDRE/C   n/a            1.000         10.000      9.000      SLICE_X81Y103   btn_filter/acc_reg[11]/C
Min Period        n/a     FDRE/C   n/a            1.000         10.000      9.000      SLICE_X81Y104   btn_filter/acc_reg[12]/C
Min Period        n/a     FDRE/C   n/a            1.000         10.000      9.000      SLICE_X81Y104   btn_filter/acc_reg[13]/C
Min Period        n/a     FDRE/C   n/a            1.000         10.000      9.000      SLICE_X81Y104   btn_filter/acc_reg[14]/C
Min Period        n/a     FDRE/C   n/a            1.000         10.000      9.000      SLICE_X81Y104   btn_filter/acc_reg[15]/C
Min Period        n/a     FDRE/C   n/a            1.000         10.000      9.000      SLICE_X81Y105   btn_filter/acc_reg[16]/C
Min Period        n/a     FDRE/C   n/a            1.000         10.000      9.000      SLICE_X81Y105   btn_filter/acc_reg[17]/C
Low Pulse Width   Slow    FDRE/C   n/a            0.500         5.000       4.500      SLICE_X81Y101   btn_filter/acc_reg[0]/C
Low Pulse Width   Fast    FDRE/C   n/a            0.500         5.000       4.500      SLICE_X81Y101   btn_filter/acc_reg[0]/C
Low Pulse Width   Slow    FDRE/C   n/a            0.500         5.000       4.500      SLICE_X81Y103   btn_filter/acc_reg[10]/C
Low Pulse Width   Fast    FDRE/C   n/a            0.500         5.000       4.500      SLICE_X81Y103   btn_filter/acc_reg[10]/C
Low Pulse Width   Slow    FDRE/C   n/a            0.500         5.000       4.500      SLICE_X81Y103   btn_filter/acc_reg[11]/C
Low Pulse Width   Fast    FDRE/C   n/a            0.500         5.000       4.500      SLICE_X81Y103   btn_filter/acc_reg[11]/C
Low Pulse Width   Slow    FDRE/C   n/a            0.500         5.000       4.500      SLICE_X81Y104   btn_filter/acc_reg[12]/C
Low Pulse Width   Fast    FDRE/C   n/a            0.500         5.000       4.500      SLICE_X81Y104   btn_filter/acc_reg[12]/C
Low Pulse Width   Slow    FDRE/C   n/a            0.500         5.000       4.500      SLICE_X81Y104   btn_filter/acc_reg[13]/C
Low Pulse Width   Fast    FDRE/C   n/a            0.500         5.000       4.500      SLICE_X81Y104   btn_filter/acc_reg[13]/C
High Pulse Width  Slow    FDRE/C   n/a            0.500         5.000       4.500      SLICE_X81Y101   btn_filter/acc_reg[0]/C
High Pulse Width  Fast    FDRE/C   n/a            0.500         5.000       4.500      SLICE_X81Y101   btn_filter/acc_reg[0]/C
High Pulse Width  Slow    FDRE/C   n/a            0.500         5.000       4.500      SLICE_X81Y103   btn_filter/acc_reg[10]/C
High Pulse Width  Fast    FDRE/C   n/a            0.500         5.000       4.500      SLICE_X81Y103   btn_filter/acc_reg[10]/C
High Pulse Width  Slow    FDRE/C   n/a            0.500         5.000       4.500      SLICE_X81Y103   btn_filter/acc_reg[11]/C
High Pulse Width  Fast    FDRE/C   n/a            0.500         5.000       4.500      SLICE_X81Y103   btn_filter/acc_reg[11]/C
High Pulse Width  Slow    FDRE/C   n/a            0.500         5.000       4.500      SLICE_X81Y104   btn_filter/acc_reg[12]/C
High Pulse Width  Fast    FDRE/C   n/a            0.500         5.000       4.500      SLICE_X81Y104   btn_filter/acc_reg[12]/C
High Pulse Width  Slow    FDRE/C   n/a            0.500         5.000       4.500      SLICE_X81Y104   btn_filter/acc_reg[13]/C
High Pulse Width  Fast    FDRE/C   n/a            0.500         5.000       4.500      SLICE_X81Y104   btn_filter/acc_reg[13]/C



--------------------------------------------------------------------------------------
Path Group:  (none)
From Clock:  sys_clk_pin
  To Clock:  

Max Delay             1 Endpoint
Min Delay             1 Endpoint
--------------------------------------------------------------------------------------


Max Delay Paths
--------------------------------------------------------------------------------------
Slack:                    inf
  Source:                 uart/t_out_reg/C
                            (rising edge-triggered cell FDSE clocked by sys_clk_pin  {rise@0.000ns fall@5.000ns period=10.000ns})
  Destination:            UART_RXD_OUT
                            (output port)
  Path Group:             (none)
  Path Type:              Max at Slow Process Corner
  Data Path Delay:        6.840ns  (logic 4.011ns (58.648%)  route 2.828ns (41.352%))
  Logic Levels:           1  (OBUF=1)
  Clock Uncertainty:      0.025ns  ((TSJ^2 + TIJ^2)^1/2 + DJ) / 2 + PE
    Total System Jitter     (TSJ):    0.050ns
    Total Input Jitter      (TIJ):    0.000ns
    Discrete Jitter          (DJ):    0.000ns
    Phase Error              (PE):    0.000ns

    Location             Delay type                Incr(ns)  Path(ns)    Netlist Resource(s)
  -------------------------------------------------------------------    -------------------
                         (clock sys_clk_pin rise edge)
                                                      0.000     0.000 r  
    E3                                                0.000     0.000 r  CLK100MHZ (IN)
                         net (fo=0)                   0.000     0.000    CLK100MHZ
    E3                   IBUF (Prop_ibuf_I_O)         1.482     1.482 r  CLK100MHZ_IBUF_inst/O
                         net (fo=1, routed)           2.025     3.506    CLK100MHZ_IBUF
    BUFGCTRL_X0Y16       BUFG (Prop_bufg_I_O)         0.096     3.602 r  CLK100MHZ_IBUF_BUFG_inst/O
                         net (fo=339, routed)         1.731     5.334    uart/CLK100MHZ_IBUF_BUFG
    SLICE_X83Y98         FDSE                                         r  uart/t_out_reg/C
  -------------------------------------------------------------------    -------------------
    SLICE_X83Y98         FDSE (Prop_fdse_C_Q)         0.456     5.790 r  uart/t_out_reg/Q
                         net (fo=1, routed)           2.828     8.618    UART_RXD_OUT_OBUF
    D4                   OBUF (Prop_obuf_I_O)         3.555    12.173 r  UART_RXD_OUT_OBUF_inst/O
                         net (fo=0)                   0.000    12.173    UART_RXD_OUT
    D4                                                                r  UART_RXD_OUT (OUT)
  -------------------------------------------------------------------    -------------------





Min Delay Paths
--------------------------------------------------------------------------------------
Slack:                    inf
  Source:                 uart/t_out_reg/C
                            (rising edge-triggered cell FDSE clocked by sys_clk_pin  {rise@0.000ns fall@5.000ns period=10.000ns})
  Destination:            UART_RXD_OUT
                            (output port)
  Path Group:             (none)
  Path Type:              Min at Fast Process Corner
  Data Path Delay:        2.239ns  (logic 1.397ns (62.385%)  route 0.842ns (37.615%))
  Logic Levels:           1  (OBUF=1)
  Clock Uncertainty:      0.025ns  ((TSJ^2 + TIJ^2)^1/2 + DJ) / 2 + PE
    Total System Jitter     (TSJ):    0.050ns
    Total Input Jitter      (TIJ):    0.000ns
    Discrete Jitter          (DJ):    0.000ns
    Phase Error              (PE):    0.000ns

    Location             Delay type                Incr(ns)  Path(ns)    Netlist Resource(s)
  -------------------------------------------------------------------    -------------------
                         (clock sys_clk_pin rise edge)
                                                      0.000     0.000 r  
    E3                                                0.000     0.000 r  CLK100MHZ (IN)
                         net (fo=0)                   0.000     0.000    CLK100MHZ
    E3                   IBUF (Prop_ibuf_I_O)         0.250     0.250 r  CLK100MHZ_IBUF_inst/O
                         net (fo=1, routed)           0.644     0.894    CLK100MHZ_IBUF
    BUFGCTRL_X0Y16       BUFG (Prop_bufg_I_O)         0.026     0.920 r  CLK100MHZ_IBUF_BUFG_inst/O
                         net (fo=339, routed)         0.607     1.526    uart/CLK100MHZ_IBUF_BUFG
    SLICE_X83Y98         FDSE                                         r  uart/t_out_reg/C
  -------------------------------------------------------------------    -------------------
    SLICE_X83Y98         FDSE (Prop_fdse_C_Q)         0.141     1.667 r  uart/t_out_reg/Q
                         net (fo=1, routed)           0.842     2.510    UART_RXD_OUT_OBUF
    D4                   OBUF (Prop_obuf_I_O)         1.256     3.766 r  UART_RXD_OUT_OBUF_inst/O
                         net (fo=0)                   0.000     3.766    UART_RXD_OUT
    D4                                                                r  UART_RXD_OUT (OUT)
  -------------------------------------------------------------------    -------------------





--------------------------------------------------------------------------------------
Path Group:  (none)
From Clock:  
  To Clock:  sys_clk_pin

Max Delay             2 Endpoints
Min Delay             2 Endpoints
--------------------------------------------------------------------------------------


Max Delay Paths
--------------------------------------------------------------------------------------
Slack:                    inf
  Source:                 BTNC
                            (input port)
  Destination:            btn_filter/s_reg[0]/D
                            (rising edge-triggered cell FDRE clocked by sys_clk_pin  {rise@0.000ns fall@5.000ns period=10.000ns})
  Path Group:             (none)
  Path Type:              Setup (Max at Slow Process Corner)
  Data Path Delay:        5.003ns  (logic 1.477ns (29.513%)  route 3.527ns (70.487%))
  Logic Levels:           1  (IBUF=1)
  Clock Path Skew:        5.007ns (DCD - SCD + CPR)
    Destination Clock Delay (DCD):    5.007ns
    Source Clock Delay      (SCD):    0.000ns
    Clock Pessimism Removal (CPR):    0.000ns
  Clock Uncertainty:      0.025ns  ((TSJ^2 + TIJ^2)^1/2 + DJ) / 2 + PE
    Total System Jitter     (TSJ):    0.050ns
    Total Input Jitter      (TIJ):    0.000ns
    Discrete Jitter          (DJ):    0.000ns
    Phase Error              (PE):    0.000ns

    Location             Delay type                Incr(ns)  Path(ns)    Netlist Resource(s)
  -------------------------------------------------------------------    -------------------
    N17                                               0.000     0.000 r  BTNC (IN)
                         net (fo=0)                   0.000     0.000    BTNC
    N17                  IBUF (Prop_ibuf_I_O)         1.477     1.477 r  BTNC_IBUF_inst/O
                         net (fo=1, routed)           3.527     5.003    btn_filter/D[0]
    SLICE_X78Y101        FDRE                                         r  btn_filter/s_reg[0]/D
  -------------------------------------------------------------------    -------------------

                         (clock sys_clk_pin rise edge)
                                                      0.000     0.000 r  
    E3                                                0.000     0.000 r  CLK100MHZ (IN)
                         net (fo=0)                   0.000     0.000    CLK100MHZ
    E3                   IBUF (Prop_ibuf_I_O)         1.411     1.411 r  CLK100MHZ_IBUF_inst/O
                         net (fo=1, routed)           1.920     3.331    CLK100MHZ_IBUF
    BUFGCTRL_X0Y16       BUFG (Prop_bufg_I_O)         0.091     3.422 r  CLK100MHZ_IBUF_BUFG_inst/O
                         net (fo=339, routed)         1.585     5.007    btn_filter/CLK100MHZ_IBUF_BUFG
    SLICE_X78Y101        FDRE                                         r  btn_filter/s_reg[0]/C

Slack:                    inf
  Source:                 UART_TXD_IN
                            (input port)
  Destination:            uart/rx_sync_reg[0]/D
                            (rising edge-triggered cell FDRE clocked by sys_clk_pin  {rise@0.000ns fall@5.000ns period=10.000ns})
  Path Group:             (none)
  Path Type:              Setup (Max at Slow Process Corner)
  Data Path Delay:        3.505ns  (logic 1.490ns (42.497%)  route 2.016ns (57.503%))
  Logic Levels:           1  (IBUF=1)
  Clock Path Skew:        5.019ns (DCD - SCD + CPR)
    Destination Clock Delay (DCD):    5.019ns
    Source Clock Delay      (SCD):    0.000ns
    Clock Pessimism Removal (CPR):    0.000ns
  Clock Uncertainty:      0.025ns  ((TSJ^2 + TIJ^2)^1/2 + DJ) / 2 + PE
    Total System Jitter     (TSJ):    0.050ns
    Total Input Jitter      (TIJ):    0.000ns
    Discrete Jitter          (DJ):    0.000ns
    Phase Error              (PE):    0.000ns

    Location             Delay type                Incr(ns)  Path(ns)    Netlist Resource(s)
  -------------------------------------------------------------------    -------------------
    C4                                                0.000     0.000 r  UART_TXD_IN (IN)
                         net (fo=0)                   0.000     0.000    UART_TXD_IN
    C4                   IBUF (Prop_ibuf_I_O)         1.490     1.490 r  UART_TXD_IN_IBUF_inst/O
                         net (fo=1, routed)           2.016     3.505    uart/rx_sync_reg[0]_0[0]
    SLICE_X88Y100        FDRE                                         r  uart/rx_sync_reg[0]/D
  -------------------------------------------------------------------    -------------------

                         (clock sys_clk_pin rise edge)
                                                      0.000     0.000 r  
    E3                                                0.000     0.000 r  CLK100MHZ (IN)
                         net (fo=0)                   0.000     0.000    CLK100MHZ
    E3                   IBUF (Prop_ibuf_I_O)         1.411     1.411 r  CLK100MHZ_IBUF_inst/O
                         net (fo=1, routed)           1.920     3.331    CLK100MHZ_IBUF
    BUFGCTRL_X0Y16       BUFG (Prop_bufg_I_O)         0.091     3.422 r  CLK100MHZ_IBUF_BUFG_inst/O
                         net (fo=339, routed)         1.597     5.019    uart/CLK100MHZ_IBUF_BUFG
    SLICE_X88Y100        FDRE                                         r  uart/rx_sync_reg[0]/C





Min Delay Paths
--------------------------------------------------------------------------------------
Slack:                    inf
  Source:                 UART_TXD_IN
                            (input port)
  Destination:            uart/rx_sync_reg[0]/D
                            (rising edge-triggered cell FDRE clocked by sys_clk_pin  {rise@0.000ns fall@5.000ns period=10.000ns})
  Path Group:             (none)
  Path Type:              Hold (Min at Fast Process Corner)
  Data Path Delay:        1.097ns  (logic 0.257ns (23.465%)  route 0.840ns (76.535%))
  Logic Levels:           1  (IBUF=1)
  Clock Path Skew:        2.039ns (DCD - SCD - CPR)
    Destination Clock Delay (DCD):    2.039ns
    Source Clock Delay      (SCD):    0.000ns
    Clock Pessimism Removal (CPR):    -0.000ns

    Location             Delay type                Incr(ns)  Path(ns)    Netlist Resource(s)
  -------------------------------------------------------------------    -------------------
    C4                                                0.000     0.000 r  UART_TXD_IN (IN)
                         net (fo=0)                   0.000     0.000    UART_TXD_IN
    C4                   IBUF (Prop_ibuf_I_O)         0.257     0.257 r  UART_TXD_IN_IBUF_inst/O
                         net (fo=1, routed)           0.840     1.097    uart/rx_sync_reg[0]_0[0]
    SLICE_X88Y100        FDRE                                         r  uart/rx_sync_reg[0]/D
  -------------------------------------------------------------------    -------------------

                         (clock sys_clk_pin rise edge)
                                                      0.000     0.000 r  
    E3                                                0.000     0.000 r  CLK100MHZ (IN)
                         net (fo=0)                   0.000     0.000    CLK100MHZ
    E3                   IBUF (Prop_ibuf_I_O)         0.438     0.438 r  CLK100MHZ_IBUF_inst/O
                         net (fo=1, routed)           0.699     1.136    CLK100MHZ_IBUF
    BUFGCTRL_X0Y16       BUFG (Prop_bufg_I_O)         0.029     1.165 r  CLK100MHZ_IBUF_BUFG_inst/O
                         net (fo=339, routed)         0.873     2.039    uart/CLK100MHZ_IBUF_BUFG
    SLICE_X88Y100        FDRE                                         r  uart/rx_sync_reg[0]/C

Slack:                    inf
  Source:                 BTNC
                            (input port)
  Destination:            btn_filter/s_reg[0]/D
                            (rising edge-triggered cell FDRE clocked by sys_clk_pin  {rise@0.000ns fall@5.000ns period=10.000ns})
  Path Group:             (none)
  Path Type:              Hold (Min at Fast Process Corner)
  Data Path Delay:        1.861ns  (logic 0.244ns (13.136%)  route 1.617ns (86.864%))
  Logic Levels:           1  (IBUF=1)
  Clock Path Skew:        2.032ns (DCD - SCD - CPR)
    Destination Clock Delay (DCD):    2.032ns
    Source Clock Delay      (SCD):    0.000ns
    Clock Pessimism Removal (CPR):    -0.000ns

    Location             Delay type                Incr(ns)  Path(ns)    Netlist Resource(s)
  -------------------------------------------------------------------    -------------------
    N17                                               0.000     0.000 r  BTNC (IN)
                         net (fo=0)                   0.000     0.000    BTNC
    N17                  IBUF (Prop_ibuf_I_O)         0.244     0.244 r  BTNC_IBUF_inst/O
                         net (fo=1, routed)           1.617     1.861    btn_filter/D[0]
    SLICE_X78Y101        FDRE                                         r  btn_filter/s_reg[0]/D
  -------------------------------------------------------------------    -------------------

                         (clock sys_clk_pin rise edge)
                                                      0.000     0.000 r  
    E3                                                0.000     0.000 r  CLK100MHZ (IN)
                         net (fo=0)                   0.000     0.000    CLK100MHZ
    E3                   IBUF (Prop_ibuf_I_O)         0.438     0.438 r  CLK100MHZ_IBUF_inst/O
                         net (fo=1, routed)           0.699     1.136    CLK100MHZ_IBUF
    BUFGCTRL_X0Y16       BUFG (Prop_bufg_I_O)         0.029     1.165 r  CLK100MHZ_IBUF_BUFG_inst/O
                         net (fo=339, routed)         0.867     2.032    btn_filter/CLK100MHZ_IBUF_BUFG
    SLICE_X78Y101        FDRE                                         r  btn_filter/s_reg[0]/C





